Bnccindx,Calculation1,Category,Date
52.5414,Economic Mood Index,British Columbia,6/30/2008
54.2798,Economic Mood Index,British Columbia,9/30/2008
43.7436,Economic Mood Index,British Columbia,12/31/2008
40.9199,Economic Mood Index,British Columbia,3/31/2009
52.661,Economic Mood Index,British Columbia,6/30/2009
60.0542,Economic Mood Index,British Columbia,9/30/2009
62.289,Economic Mood Index,British Columbia,12/31/2009
62.3339,Economic Mood Index,British Columbia,3/31/2010
59.323,Economic Mood Index,British Columbia,6/30/2010
56.0791,Economic Mood Index,British Columbia,9/30/2010
57.3521,Economic Mood Index,British Columbia,12/31/2010
61.7456,Economic Mood Index,British Columbia,3/31/2011
58.4457,Economic Mood Index,British Columbia,6/30/2011
52.9857,Economic Mood Index,British Columbia,9/30/2011
53.9216,Economic Mood Index,British Columbia,12/31/2011
55.7326,Economic Mood Index,British Columbia,2/28/2012
53.1388,Economic Mood Index,British Columbia,3/31/2012
53.9599,Economic Mood Index,British Columbia,4/30/2012
50.2078,Economic Mood Index,British Columbia,5/31/2012
49.8156,Economic Mood Index,British Columbia,6/30/2012
52.0817,Economic Mood Index,British Columbia,7/31/2012
50.6677,Economic Mood Index,British Columbia,8/31/2012
50.06,Economic Mood Index,British Columbia,9/30/2012
50.4282,Economic Mood Index,British Columbia,10/31/2012
50.729,Economic Mood Index,British Columbia,11/30/2012
49.3705,Economic Mood Index,British Columbia,12/31/2012
49.138,Economic Mood Index,British Columbia,1/31/2013
49.6485,Economic Mood Index,British Columbia,2/28/2013
47.3705,Economic Mood Index,British Columbia,3/31/2013
45.8602,Economic Mood Index,British Columbia,4/30/2013
55.4469,Economic Mood Index,British Columbia,5/24/2013
57.2418,Economic Mood Index,British Columbia,5/31/2013
57.6224,Economic Mood Index,British Columbia,6/7/2013
55.8789,Economic Mood Index,British Columbia,6/14/2013
56.2868,Economic Mood Index,British Columbia,6/21/2013
54.0479,Economic Mood Index,British Columbia,6/28/2013
58.6213,Economic Mood Index,British Columbia,7/5/2013
57.7934,Economic Mood Index,British Columbia,7/12/2013
58.0035,Economic Mood Index,British Columbia,7/19/2013
58.8956,Economic Mood Index,British Columbia,7/26/2013
59.8056,Economic Mood Index,British Columbia,8/2/2013
59.2055,Economic Mood Index,British Columbia,8/9/2013
57.4109,Economic Mood Index,British Columbia,8/16/2013
55.0829,Economic Mood Index,British Columbia,8/23/2013
53.986,Economic Mood Index,British Columbia,8/30/2013
53.9001,Economic Mood Index,British Columbia,9/6/2013
57.4943,Economic Mood Index,British Columbia,9/13/2013
58.8329,Economic Mood Index,British Columbia,9/20/2013
59.1369,Economic Mood Index,British Columbia,9/27/2013
59.1839,Economic Mood Index,British Columbia,10/4/2013
56.7895,Economic Mood Index,British Columbia,10/11/2013
57.5943,Economic Mood Index,British Columbia,10/18/2013
55.9879,Economic Mood Index,British Columbia,10/25/2013
55.67,Economic Mood Index,British Columbia,11/1/2013
54.3039,Economic Mood Index,British Columbia,11/8/2013
54.9716,Economic Mood Index,British Columbia,11/15/2013
57.9932,Economic Mood Index,British Columbia,11/22/2013
58.6218,Economic Mood Index,British Columbia,11/29/2013
60.7846,Economic Mood Index,British Columbia,12/6/2013
59.9298,Economic Mood Index,British Columbia,12/13/2013
58.9949,Economic Mood Index,British Columbia,12/20/2013
59.0903,Economic Mood Index,British Columbia,12/27/2013
56.7613,Economic Mood Index,British Columbia,1/3/2014
56.5038,Economic Mood Index,British Columbia,1/10/2014
55.5987,Economic Mood Index,British Columbia,1/17/2014
55.1165,Economic Mood Index,British Columbia,1/24/2014
55.8786,Economic Mood Index,British Columbia,1/31/2014
54.2305,Economic Mood Index,British Columbia,2/7/2014
55.0052,Economic Mood Index,British Columbia,2/14/2014
57.1062,Economic Mood Index,British Columbia,2/21/2014
58.735,Economic Mood Index,British Columbia,2/28/2014
59.3377,Economic Mood Index,British Columbia,3/7/2014
59.1799,Economic Mood Index,British Columbia,3/14/2014
57.3144,Economic Mood Index,British Columbia,3/21/2014
57.3699,Economic Mood Index,British Columbia,3/28/2014
59.2592,Economic Mood Index,British Columbia,4/4/2014
59.2314,Economic Mood Index,British Columbia,4/11/2014
60.017,Economic Mood Index,British Columbia,4/18/2014
59.9946,Economic Mood Index,British Columbia,4/25/2014
58.2032,Economic Mood Index,British Columbia,5/2/2014
60.6351,Economic Mood Index,British Columbia,5/9/2014
61.2181,Economic Mood Index,British Columbia,5/16/2014
61.5924,Economic Mood Index,British Columbia,5/23/2014
62.7081,Economic Mood Index,British Columbia,5/30/2014
59.9322,Economic Mood Index,British Columbia,6/6/2014
58.3444,Economic Mood Index,British Columbia,6/13/2014
56.8655,Economic Mood Index,British Columbia,6/20/2014
57.7792,Economic Mood Index,British Columbia,6/27/2014
57.8067,Economic Mood Index,British Columbia,7/4/2014
57.2384,Economic Mood Index,British Columbia,7/11/2014
57.6341,Economic Mood Index,British Columbia,7/18/2014
56.2309,Economic Mood Index,British Columbia,7/25/2014
57.3914,Economic Mood Index,British Columbia,8/1/2014
57.225,Economic Mood Index,British Columbia,8/8/2014
57.1594,Economic Mood Index,British Columbia,8/15/2014
58.0853,Economic Mood Index,British Columbia,8/22/2014
56.9457,Economic Mood Index,British Columbia,8/29/2014
58.6803,Economic Mood Index,British Columbia,9/5/2014
58.5656,Economic Mood Index,British Columbia,9/12/2014
59.3684,Economic Mood Index,British Columbia,9/19/2014
60.6589,Economic Mood Index,British Columbia,9/26/2014
60.6492,Economic Mood Index,British Columbia,10/3/2014
61.3292,Economic Mood Index,British Columbia,10/10/2014
60.7243,Economic Mood Index,British Columbia,10/17/2014
60.3028,Economic Mood Index,British Columbia,10/24/2014
58.7027,Economic Mood Index,British Columbia,10/31/2014
57.6283,Economic Mood Index,British Columbia,11/7/2014
58.4807,Economic Mood Index,British Columbia,11/14/2014
57.813,Economic Mood Index,British Columbia,11/21/2014
60.286,Economic Mood Index,British Columbia,11/28/2014
59.9722,Economic Mood Index,British Columbia,12/5/2014
59.3822,Economic Mood Index,British Columbia,12/12/2014
60.2875,Economic Mood Index,British Columbia,12/19/2014
58.1942,Economic Mood Index,British Columbia,12/26/2014
58.4021,Economic Mood Index,British Columbia,1/2/2015
57.8818,Economic Mood Index,British Columbia,1/9/2015
58.2115,Economic Mood Index,British Columbia,1/16/2015
57.6897,Economic Mood Index,British Columbia,1/23/2015
57.6666,Economic Mood Index,British Columbia,1/30/2015
56.9062,Economic Mood Index,British Columbia,2/6/2015
56.2154,Economic Mood Index,British Columbia,2/13/2015
54.9667,Economic Mood Index,British Columbia,2/20/2015
54.0367,Economic Mood Index,British Columbia,2/27/2015
53.7535,Economic Mood Index,British Columbia,3/6/2015
54.025,Economic Mood Index,British Columbia,3/13/2015
58.063,Economic Mood Index,British Columbia,3/20/2015
59.9159,Economic Mood Index,British Columbia,3/27/2015
60.5228,Economic Mood Index,British Columbia,4/3/2015
61.0009,Economic Mood Index,British Columbia,4/10/2015
59.1088,Economic Mood Index,British Columbia,4/17/2015
57.6458,Economic Mood Index,British Columbia,4/24/2015
59.0633,Economic Mood Index,British Columbia,5/1/2015
58.4157,Economic Mood Index,British Columbia,5/8/2015
59.5168,Economic Mood Index,British Columbia,5/15/2015
61.4049,Economic Mood Index,British Columbia,5/22/2015
60.9114,Economic Mood Index,British Columbia,5/29/2015
58.9538,Economic Mood Index,British Columbia,6/5/2015
58.6462,Economic Mood Index,British Columbia,6/12/2015
57.9912,Economic Mood Index,British Columbia,6/19/2015
57.3305,Economic Mood Index,British Columbia,6/26/2015
59.8761,Economic Mood Index,British Columbia,7/3/2015
59.4615,Economic Mood Index,British Columbia,7/10/2015
58.6139,Economic Mood Index,British Columbia,7/17/2015
57.334,Economic Mood Index,British Columbia,7/24/2015
55.7757,Economic Mood Index,British Columbia,7/31/2015
53.2857,Economic Mood Index,British Columbia,8/7/2015
54.0069,Economic Mood Index,British Columbia,8/14/2015
55.1838,Economic Mood Index,British Columbia,8/21/2015
55.2368,Economic Mood Index,British Columbia,8/28/2015
56.3407,Economic Mood Index,British Columbia,9/4/2015
56.4899,Economic Mood Index,British Columbia,9/11/2015
56.5688,Economic Mood Index,British Columbia,9/18/2015
57.9309,Economic Mood Index,British Columbia,9/25/2015
59.3241,Economic Mood Index,British Columbia,10/2/2015
58.8757,Economic Mood Index,British Columbia,10/9/2015
60.4745,Economic Mood Index,British Columbia,10/16/2015
60.7206,Economic Mood Index,British Columbia,10/23/2015
60.4824,Economic Mood Index,British Columbia,10/30/2015
63.2873,Economic Mood Index,British Columbia,11/6/2015
63.7592,Economic Mood Index,British Columbia,11/13/2015
63.1438,Economic Mood Index,British Columbia,11/20/2015
63.2369,Economic Mood Index,British Columbia,11/27/2015
61.8104,Economic Mood Index,British Columbia,12/4/2015
60.3466,Economic Mood Index,British Columbia,12/11/2015
60.0493,Economic Mood Index,British Columbia,12/18/2015
59.8507,Economic Mood Index,British Columbia,12/25/2015
59.2444,Economic Mood Index,British Columbia,1/1/2016
59.4251,Economic Mood Index,British Columbia,1/8/2016
59.9792,Economic Mood Index,British Columbia,1/15/2016
59.5667,Economic Mood Index,British Columbia,1/22/2016
58.5621,Economic Mood Index,British Columbia,1/29/2016
57.9847,Economic Mood Index,British Columbia,2/5/2016
56.0122,Economic Mood Index,British Columbia,2/12/2016
56.3754,Economic Mood Index,British Columbia,2/19/2016
55.7749,Economic Mood Index,British Columbia,2/26/2016
55.0725,Economic Mood Index,British Columbia,3/4/2016
57.2753,Economic Mood Index,British Columbia,3/11/2016
58.7808,Economic Mood Index,British Columbia,3/18/2016
60.5493,Economic Mood Index,British Columbia,3/25/2016
61.0245,Economic Mood Index,British Columbia,4/1/2016
60.8341,Economic Mood Index,British Columbia,4/8/2016
60.0347,Economic Mood Index,British Columbia,4/15/2016
60.84,Economic Mood Index,British Columbia,4/22/2016
65.1341,Economic Mood Index,British Columbia,4/29/2016
66.0427,Economic Mood Index,British Columbia,5/6/2016
66.8632,Economic Mood Index,British Columbia,5/13/2016
67.093,Economic Mood Index,British Columbia,5/20/2016
63.3545,Economic Mood Index,British Columbia,5/27/2016
64.6541,Economic Mood Index,British Columbia,6/3/2016
64.9181,Economic Mood Index,British Columbia,6/10/2016
65.1274,Economic Mood Index,British Columbia,6/17/2016
66.6355,Economic Mood Index,British Columbia,6/24/2016
64.2624,Economic Mood Index,British Columbia,6/30/2016
63.6817,Economic Mood Index,British Columbia,7/8/2016
63.7323,Economic Mood Index,British Columbia,7/15/2016
61.6789,Economic Mood Index,British Columbia,7/22/2016
63.4887,Economic Mood Index,British Columbia,7/29/2016
63.0031,Economic Mood Index,British Columbia,8/5/2016
61.8512,Economic Mood Index,British Columbia,8/12/2016
65.2425,Economic Mood Index,British Columbia,8/19/2016
63.1206,Economic Mood Index,British Columbia,8/26/2016
61.4519,Economic Mood Index,British Columbia,9/2/2016
58.5147,Economic Mood Index,British Columbia,9/9/2016
54.174,Economic Mood Index,British Columbia,9/16/2016
55.1189,Economic Mood Index,British Columbia,9/23/2016
54.9504,Economic Mood Index,British Columbia,9/30/2016
58.5546,Economic Mood Index,British Columbia,10/7/2016
59.8405,Economic Mood Index,British Columbia,10/14/2016
59.7026,Economic Mood Index,British Columbia,10/21/2016
60.5636,Economic Mood Index,British Columbia,10/28/2016
59.4667,Economic Mood Index,British Columbia,11/4/2016
58.0949,Economic Mood Index,British Columbia,11/11/2016
57.1911,Economic Mood Index,British Columbia,11/18/2016
56.8522,Economic Mood Index,British Columbia,11/25/2016
57.3796,Economic Mood Index,British Columbia,12/2/2016
58.0928,Economic Mood Index,British Columbia,12/9/2016
59.7118,Economic Mood Index,British Columbia,12/16/2016
59.0667,Economic Mood Index,British Columbia,12/23/2016
57.8433,Economic Mood Index,British Columbia,12/30/2016
55.9032,Economic Mood Index,British Columbia,1/6/2017
55.5976,Economic Mood Index,British Columbia,1/13/2017
55.6296,Economic Mood Index,British Columbia,1/20/2017
58.6809,Economic Mood Index,British Columbia,1/27/2017
61.9078,Economic Mood Index,British Columbia,2/3/2017
61.4605,Economic Mood Index,British Columbia,2/10/2017
63.1044,Economic Mood Index,British Columbia,2/17/2017
62.5297,Economic Mood Index,British Columbia,2/24/2017
61.3991,Economic Mood Index,British Columbia,3/3/2017
61.2889,Economic Mood Index,British Columbia,3/10/2017
60.3252,Economic Mood Index,British Columbia,3/17/2017
59.1681,Economic Mood Index,British Columbia,3/24/2017
58.9142,Economic Mood Index,British Columbia,3/31/2017
60.3765,Economic Mood Index,British Columbia,4/7/2017
62.3454,Economic Mood Index,British Columbia,4/13/2017
62.8741,Economic Mood Index,British Columbia,4/21/2017
63.2404,Economic Mood Index,British Columbia,4/28/2017
63.2897,Economic Mood Index,British Columbia,5/5/2017
62.0035,Economic Mood Index,British Columbia,5/12/2017
63.0583,Economic Mood Index,British Columbia,5/19/2017
63.0846,Economic Mood Index,British Columbia,5/26/2017
62.9297,Economic Mood Index,British Columbia,6/2/2017
63.2613,Economic Mood Index,British Columbia,6/9/2017
62.8842,Economic Mood Index,British Columbia,6/16/2017
63.1921,Economic Mood Index,British Columbia,6/23/2017
64.8942,Economic Mood Index,British Columbia,6/30/2017
63.4273,Economic Mood Index,British Columbia,7/7/2017
63.0984,Economic Mood Index,British Columbia,7/14/2017
63.2835,Economic Mood Index,British Columbia,7/21/2017
65.5737,Economic Mood Index,British Columbia,7/28/2017
65.7996,Economic Mood Index,British Columbia,8/4/2017
66.5634,Economic Mood Index,British Columbia,8/11/2017
64.8112,Economic Mood Index,British Columbia,8/18/2017
62.9316,Economic Mood Index,British Columbia,8/25/2017
63.2701,Economic Mood Index,British Columbia,9/1/2017
62.8429,Economic Mood Index,British Columbia,9/8/2017
64.311,Economic Mood Index,British Columbia,9/15/2017
64.0947,Economic Mood Index,British Columbia,9/22/2017
62.7189,Economic Mood Index,British Columbia,9/29/2017
61.9847,Economic Mood Index,British Columbia,10/6/2017
62.6371,Economic Mood Index,British Columbia,10/13/2017
62.5643,Economic Mood Index,British Columbia,10/20/2017
60.6036,Economic Mood Index,British Columbia,10/27/2017
61.9585,Economic Mood Index,British Columbia,11/3/2017
61.4986,Economic Mood Index,British Columbia,11/10/2017
61.66,Economic Mood Index,British Columbia,11/17/2017
62.0144,Economic Mood Index,British Columbia,11/24/2017
62.0365,Economic Mood Index,British Columbia,12/1/2017
61.7474,Economic Mood Index,British Columbia,12/8/2017
62.7249,Economic Mood Index,British Columbia,12/15/2017
63.2569,Economic Mood Index,British Columbia,12/22/2017
64.7609,Economic Mood Index,British Columbia,12/29/2017
65.9492,Economic Mood Index,British Columbia,1/5/2018
66.5211,Economic Mood Index,British Columbia,1/12/2018
66.8357,Economic Mood Index,British Columbia,1/19/2018
64.757,Economic Mood Index,British Columbia,1/26/2018
63.5367,Economic Mood Index,British Columbia,2/2/2018
62.6994,Economic Mood Index,British Columbia,2/9/2018
61.5115,Economic Mood Index,British Columbia,2/16/2018
61.7113,Economic Mood Index,British Columbia,2/23/2018
59.3563,Economic Mood Index,British Columbia,3/2/2018
59.0355,Economic Mood Index,British Columbia,3/9/2018
59.0503,Economic Mood Index,British Columbia,3/16/2018
57.8285,Economic Mood Index,British Columbia,3/23/2018
60.1656,Economic Mood Index,British Columbia,3/29/2018
62.2821,Economic Mood Index,British Columbia,4/6/2018
61.3573,Economic Mood Index,British Columbia,4/13/2018
62.4239,Economic Mood Index,British Columbia,4/20/2018
61.195,Economic Mood Index,British Columbia,4/27/2018
60.4038,Economic Mood Index,British Columbia,5/4/2018
62.8314,Economic Mood Index,British Columbia,5/11/2018
63.2479,Economic Mood Index,British Columbia,5/18/2018
61.6016,Economic Mood Index,British Columbia,5/25/2018
65.6165,Economic Mood Index,British Columbia,6/1/2018
63.9801,Economic Mood Index,British Columbia,6/8/2018
59.8502,Economic Mood Index,British Columbia,6/15/2018
58.9819,Economic Mood Index,British Columbia,6/22/2018
55.9078,Economic Mood Index,British Columbia,6/29/2018
55.8413,Economic Mood Index,British Columbia,7/6/2018
55.6865,Economic Mood Index,British Columbia,7/13/2018
55.4037,Economic Mood Index,British Columbia,7/20/2018
55.6007,Economic Mood Index,British Columbia,7/27/2018
56.9408,Economic Mood Index,British Columbia,8/3/2018
56.4955,Economic Mood Index,British Columbia,8/10/2018
57.3965,Economic Mood Index,British Columbia,8/17/2018
57.266,Economic Mood Index,British Columbia,8/24/2018
56.8075,Economic Mood Index,British Columbia,8/31/2018
54.8228,Economic Mood Index,British Columbia,9/7/2018
54.4997,Economic Mood Index,British Columbia,9/14/2018
54.243,Economic Mood Index,British Columbia,9/21/2018
53.6839,Economic Mood Index,British Columbia,9/28/2018
56.7933,Economic Mood Index,British Columbia,10/5/2018
56.4415,Economic Mood Index,British Columbia,10/12/2018
56.8985,Economic Mood Index,British Columbia,10/19/2018
58.7296,Economic Mood Index,British Columbia,10/26/2018
58.8529,Economic Mood Index,British Columbia,11/2/2018
59.3712,Economic Mood Index,British Columbia,11/9/2018
57.1704,Economic Mood Index,British Columbia,11/16/2018
57.6039,Economic Mood Index,British Columbia,11/23/2018
54.538,Economic Mood Index,British Columbia,11/30/2018
51.4056,Economic Mood Index,British Columbia,12/7/2018
50.6605,Economic Mood Index,British Columbia,12/14/2018
48.435,Economic Mood Index,British Columbia,12/21/2018
49.1289,Economic Mood Index,British Columbia,12/28/2018
50.701,Economic Mood Index,British Columbia,1/4/2019
50.0302,Economic Mood Index,British Columbia,1/11/2019
51.706,Economic Mood Index,British Columbia,1/18/2019
52.9607,Economic Mood Index,British Columbia,1/25/2019
52.9513,Economic Mood Index,British Columbia,2/1/2019
56.0793,Economic Mood Index,British Columbia,2/8/2019
55.906,Economic Mood Index,British Columbia,2/15/2019
53.9934,Economic Mood Index,British Columbia,2/22/2019
54.0358,Economic Mood Index,British Columbia,3/1/2019
53.7718,Economic Mood Index,British Columbia,3/8/2019
51.3098,Economic Mood Index,British Columbia,3/15/2019
52.1644,Economic Mood Index,British Columbia,3/22/2019
52.2122,Economic Mood Index,British Columbia,3/29/2019
53.0463,Economic Mood Index,British Columbia,4/5/2019
52.7459,Economic Mood Index,British Columbia,4/12/2019
53.1268,Economic Mood Index,British Columbia,4/19/2019
52.6949,Economic Mood Index,British Columbia,4/26/2019
51.8524,Economic Mood Index,British Columbia,5/3/2019
50.5303,Economic Mood Index,British Columbia,5/10/2019
51.2146,Economic Mood Index,British Columbia,5/17/2019
52.1215,Economic Mood Index,British Columbia,5/24/2019
51.0966,Economic Mood Index,British Columbia,5/31/2019
52.2898,Economic Mood Index,British Columbia,6/7/2019
52.9557,Economic Mood Index,British Columbia,6/14/2019
50.9056,Economic Mood Index,British Columbia,6/21/2019
53.5462,Economic Mood Index,British Columbia,6/28/2019
55.2802,Economic Mood Index,British Columbia,7/5/2019
55.6079,Economic Mood Index,British Columbia,7/12/2019
58.139,Economic Mood Index,British Columbia,7/19/2019
58.3379,Economic Mood Index,British Columbia,7/26/2019
57.36,Economic Mood Index,British Columbia,8/2/2019
57.4828,Economic Mood Index,British Columbia,8/9/2019
57.0969,Economic Mood Index,British Columbia,8/16/2019
55.7187,Economic Mood Index,British Columbia,8/23/2019
55.2121,Economic Mood Index,British Columbia,8/30/2019
54.179,Economic Mood Index,British Columbia,9/6/2019
54.7985,Economic Mood Index,British Columbia,9/13/2019
54.9154,Economic Mood Index,British Columbia,9/20/2019
55.0303,Economic Mood Index,British Columbia,9/27/2019
56.8351,Economic Mood Index,British Columbia,10/4/2019
56.5055,Economic Mood Index,British Columbia,10/11/2019
55.9969,Economic Mood Index,British Columbia,10/18/2019
56.4289,Economic Mood Index,British Columbia,10/25/2019
54.9996,Economic Mood Index,British Columbia,11/1/2019
54.8732,Economic Mood Index,British Columbia,11/8/2019
55.5656,Economic Mood Index,British Columbia,11/15/2019
51.9301,Economic Mood Index,British Columbia,11/22/2019
53.3362,Economic Mood Index,British Columbia,11/29/2019
52.2653,Economic Mood Index,British Columbia,12/6/2019
51.787,Economic Mood Index,British Columbia,12/13/2019
52.859,Economic Mood Index,British Columbia,12/20/2019
54.8887,Economic Mood Index,British Columbia,12/27/2019
56.2386,Economic Mood Index,British Columbia,1/3/2020
57.1535,Economic Mood Index,British Columbia,1/10/2020
55.2226,Economic Mood Index,British Columbia,1/17/2020
55.2614,Economic Mood Index,British Columbia,1/24/2020
54.5086,Economic Mood Index,British Columbia,1/31/2020
55.3565,Economic Mood Index,British Columbia,2/7/2020
56.5453,Economic Mood Index,British Columbia,2/14/2020
53.4998,Economic Mood Index,British Columbia,2/21/2020
51.5579,Economic Mood Index,British Columbia,2/28/2020
51.4203,Economic Mood Index,British Columbia,3/6/2020
51.4046,Economic Mood Index,British Columbia,3/13/2020
48.659,Economic Mood Index,British Columbia,3/20/2020
44.0059,Economic Mood Index,British Columbia,3/27/2020
41.7464,Economic Mood Index,British Columbia,4/3/2020
36.0567,Economic Mood Index,British Columbia,4/10/2020
35.1942,Economic Mood Index,British Columbia,4/17/2020
34.4119,Economic Mood Index,British Columbia,4/24/2020
34.84,Economic Mood Index,British Columbia,5/1/2020
38.39,Economic Mood Index,British Columbia,5/8/2020
36.94,Economic Mood Index,British Columbia,5/15/2020
40.91,Economic Mood Index,British Columbia,5/22/2020
40.43,Economic Mood Index,British Columbia,5/29/2020
42.2,Economic Mood Index,British Columbia,6/5/2020
45.49,Economic Mood Index,British Columbia,6/12/2020
46.06,Economic Mood Index,British Columbia,6/19/2020
45.39,Economic Mood Index,British Columbia,6/26/2020
45.85,Economic Mood Index,British Columbia,7/3/2020
45.73,Economic Mood Index,British Columbia,7/10/2020
46.79,Economic Mood Index,British Columbia,7/17/2020
49.18,Economic Mood Index,British Columbia,7/24/2020
49.2,Economic Mood Index,British Columbia,7/31/2020
50.69,Economic Mood Index,British Columbia,8/7/2020
49.82,Economic Mood Index,British Columbia,8/14/2020
51.54,Economic Mood Index,British Columbia,8/21/2020
51.04,Economic Mood Index,British Columbia,8/28/2020
51.11,Economic Mood Index,British Columbia,9/4/2020
51.48,Economic Mood Index,British Columbia,9/11/2020
52.13,Economic Mood Index,British Columbia,9/18/2020
52.92,Economic Mood Index,British Columbia,9/25/2020
53.37,Economic Mood Index,British Columbia,10/2/2020
53.42,Economic Mood Index,British Columbia,10/9/2020
51.9,Economic Mood Index,British Columbia,10/16/2020
53.77,Economic Mood Index,British Columbia,10/23/2020
55.12,Economic Mood Index,British Columbia,10/30/2020
55.03,Economic Mood Index,British Columbia,11/6/2020
55.01,Economic Mood Index,British Columbia,11/13/2020
56.83,Economic Mood Index,British Columbia,11/20/2020
56.57,Economic Mood Index,British Columbia,11/27/2020
57.68,Economic Mood Index,British Columbia,12/4/2020
57.13,Economic Mood Index,British Columbia,12/11/2020
51.9069,Economic Mood Index,Canada,6/30/2008
52.4534,Economic Mood Index,Canada,9/30/2008
43.2784,Economic Mood Index,Canada,12/31/2008
44.2835,Economic Mood Index,Canada,3/31/2009
53.1708,Economic Mood Index,Canada,6/30/2009
58.7521,Economic Mood Index,Canada,9/30/2009
62.9191,Economic Mood Index,Canada,12/31/2009
61.2533,Economic Mood Index,Canada,3/31/2010
60.2358,Economic Mood Index,Canada,6/30/2010
57.7774,Economic Mood Index,Canada,9/30/2010
57.2604,Economic Mood Index,Canada,12/31/2010
60.0324,Economic Mood Index,Canada,3/31/2011
58.6386,Economic Mood Index,Canada,6/30/2011
54.5545,Economic Mood Index,Canada,9/30/2011
55.7506,Economic Mood Index,Canada,12/31/2011
54.2845,Economic Mood Index,Canada,2/28/2012
55.9775,Economic Mood Index,Canada,3/31/2012
55.0927,Economic Mood Index,Canada,4/30/2012
55.2252,Economic Mood Index,Canada,5/31/2012
52.9488,Economic Mood Index,Canada,6/30/2012
51.9917,Economic Mood Index,Canada,7/31/2012
52.565,Economic Mood Index,Canada,8/31/2012
53.6451,Economic Mood Index,Canada,9/30/2012
53.2531,Economic Mood Index,Canada,10/31/2012
52.4006,Economic Mood Index,Canada,11/30/2012
52.9085,Economic Mood Index,Canada,12/31/2012
53.8629,Economic Mood Index,Canada,1/31/2013
51.4097,Economic Mood Index,Canada,2/28/2013
50.1906,Economic Mood Index,Canada,3/31/2013
50.2959,Economic Mood Index,Canada,4/30/2013
53.3918,Economic Mood Index,Canada,5/24/2013
54.8089,Economic Mood Index,Canada,5/31/2013
57.4982,Economic Mood Index,Canada,6/7/2013
57.6144,Economic Mood Index,Canada,6/14/2013
57.2703,Economic Mood Index,Canada,6/21/2013
58.2258,Economic Mood Index,Canada,6/28/2013
58.457,Economic Mood Index,Canada,7/5/2013
58.4931,Economic Mood Index,Canada,7/12/2013
58.2053,Economic Mood Index,Canada,7/19/2013
58.0776,Economic Mood Index,Canada,7/26/2013
58.8909,Economic Mood Index,Canada,8/2/2013
58.4686,Economic Mood Index,Canada,8/9/2013
57.5061,Economic Mood Index,Canada,8/16/2013
57.0121,Economic Mood Index,Canada,8/23/2013
56.8276,Economic Mood Index,Canada,8/30/2013
57.3056,Economic Mood Index,Canada,9/6/2013
58.6864,Economic Mood Index,Canada,9/13/2013
59.2273,Economic Mood Index,Canada,9/20/2013
59.7516,Economic Mood Index,Canada,9/27/2013
59.0415,Economic Mood Index,Canada,10/4/2013
58.5047,Economic Mood Index,Canada,10/11/2013
58.0305,Economic Mood Index,Canada,10/18/2013
57.6863,Economic Mood Index,Canada,10/25/2013
58.4909,Economic Mood Index,Canada,11/1/2013
58.1865,Economic Mood Index,Canada,11/8/2013
58.9834,Economic Mood Index,Canada,11/15/2013
59.4244,Economic Mood Index,Canada,11/22/2013
58.8797,Economic Mood Index,Canada,11/29/2013
59.2778,Economic Mood Index,Canada,12/6/2013
58.3154,Economic Mood Index,Canada,12/13/2013
57.7988,Economic Mood Index,Canada,12/20/2013
58.4317,Economic Mood Index,Canada,12/27/2013
58.7556,Economic Mood Index,Canada,1/3/2014
59.216,Economic Mood Index,Canada,1/10/2014
58.6771,Economic Mood Index,Canada,1/17/2014
57.6076,Economic Mood Index,Canada,1/24/2014
56.6361,Economic Mood Index,Canada,1/31/2014
55.9965,Economic Mood Index,Canada,2/7/2014
57.0538,Economic Mood Index,Canada,2/14/2014
57.5981,Economic Mood Index,Canada,2/21/2014
58.617,Economic Mood Index,Canada,2/28/2014
59.2292,Economic Mood Index,Canada,3/7/2014
58.3932,Economic Mood Index,Canada,3/14/2014
58.0486,Economic Mood Index,Canada,3/21/2014
57.9547,Economic Mood Index,Canada,3/28/2014
58.0749,Economic Mood Index,Canada,4/4/2014
59.0362,Economic Mood Index,Canada,4/11/2014
60.0009,Economic Mood Index,Canada,4/18/2014
60.0746,Economic Mood Index,Canada,4/25/2014
59.6218,Economic Mood Index,Canada,5/2/2014
59.4884,Economic Mood Index,Canada,5/9/2014
59.5572,Economic Mood Index,Canada,5/16/2014
59.5831,Economic Mood Index,Canada,5/23/2014
60.0387,Economic Mood Index,Canada,5/30/2014
59.5421,Economic Mood Index,Canada,6/6/2014
58.6909,Economic Mood Index,Canada,6/13/2014
58.505,Economic Mood Index,Canada,6/20/2014
59.1959,Economic Mood Index,Canada,6/27/2014
59.8706,Economic Mood Index,Canada,7/4/2014
60.4986,Economic Mood Index,Canada,7/11/2014
60.6046,Economic Mood Index,Canada,7/18/2014
59.7468,Economic Mood Index,Canada,7/25/2014
58.9495,Economic Mood Index,Canada,8/1/2014
58.5913,Economic Mood Index,Canada,8/8/2014
58.8328,Economic Mood Index,Canada,8/15/2014
58.9658,Economic Mood Index,Canada,8/22/2014
58.9962,Economic Mood Index,Canada,8/29/2014
59.1039,Economic Mood Index,Canada,9/5/2014
58.7624,Economic Mood Index,Canada,9/12/2014
59.275,Economic Mood Index,Canada,9/19/2014
60.0108,Economic Mood Index,Canada,9/26/2014
59.636,Economic Mood Index,Canada,10/3/2014
59.1741,Economic Mood Index,Canada,10/10/2014
58.4045,Economic Mood Index,Canada,10/17/2014
57.8971,Economic Mood Index,Canada,10/24/2014
57.858,Economic Mood Index,Canada,10/31/2014
57.7922,Economic Mood Index,Canada,11/7/2014
57.9777,Economic Mood Index,Canada,11/14/2014
57.3917,Economic Mood Index,Canada,11/21/2014
57.9897,Economic Mood Index,Canada,11/28/2014
57.3806,Economic Mood Index,Canada,12/5/2014
56.9552,Economic Mood Index,Canada,12/12/2014
56.2034,Economic Mood Index,Canada,12/19/2014
55.094,Economic Mood Index,Canada,12/26/2014
55.7515,Economic Mood Index,Canada,1/2/2015
56.1133,Economic Mood Index,Canada,1/9/2015
56.8222,Economic Mood Index,Canada,1/16/2015
56.4693,Economic Mood Index,Canada,1/23/2015
55.6304,Economic Mood Index,Canada,1/30/2015
54.5703,Economic Mood Index,Canada,2/6/2015
54.153,Economic Mood Index,Canada,2/13/2015
53.8415,Economic Mood Index,Canada,2/20/2015
53.6264,Economic Mood Index,Canada,2/27/2015
54.2248,Economic Mood Index,Canada,3/6/2015
54.556,Economic Mood Index,Canada,3/13/2015
55.0231,Economic Mood Index,Canada,3/20/2015
55.5914,Economic Mood Index,Canada,3/27/2015
55.0384,Economic Mood Index,Canada,4/3/2015
55.3664,Economic Mood Index,Canada,4/10/2015
56.089,Economic Mood Index,Canada,4/17/2015
56.1471,Economic Mood Index,Canada,4/24/2015
56.7571,Economic Mood Index,Canada,5/1/2015
56.8296,Economic Mood Index,Canada,5/8/2015
56.3018,Economic Mood Index,Canada,5/15/2015
56.8697,Economic Mood Index,Canada,5/22/2015
56.6906,Economic Mood Index,Canada,5/29/2015
56.2618,Economic Mood Index,Canada,6/5/2015
56.6635,Economic Mood Index,Canada,6/12/2015
56.6109,Economic Mood Index,Canada,6/19/2015
56.8081,Economic Mood Index,Canada,6/26/2015
56.6053,Economic Mood Index,Canada,7/3/2015
56.1304,Economic Mood Index,Canada,7/10/2015
55.0035,Economic Mood Index,Canada,7/17/2015
53.408,Economic Mood Index,Canada,7/24/2015
52.3133,Economic Mood Index,Canada,7/31/2015
52.0377,Economic Mood Index,Canada,8/7/2015
52.3158,Economic Mood Index,Canada,8/14/2015
53.203,Economic Mood Index,Canada,8/21/2015
53.719,Economic Mood Index,Canada,8/28/2015
53.2657,Economic Mood Index,Canada,9/4/2015
53.3088,Economic Mood Index,Canada,9/11/2015
53.2253,Economic Mood Index,Canada,9/18/2015
54.3694,Economic Mood Index,Canada,9/25/2015
55.5519,Economic Mood Index,Canada,10/2/2015
56.0029,Economic Mood Index,Canada,10/9/2015
56.6862,Economic Mood Index,Canada,10/16/2015
57.533,Economic Mood Index,Canada,10/23/2015
57.9231,Economic Mood Index,Canada,10/30/2015
58.3062,Economic Mood Index,Canada,11/6/2015
58.6217,Economic Mood Index,Canada,11/13/2015
57.7384,Economic Mood Index,Canada,11/20/2015
56.7697,Economic Mood Index,Canada,11/27/2015
56.2076,Economic Mood Index,Canada,12/4/2015
55.3184,Economic Mood Index,Canada,12/11/2015
55.0342,Economic Mood Index,Canada,12/18/2015
54.5363,Economic Mood Index,Canada,12/25/2015
53.7727,Economic Mood Index,Canada,1/1/2016
53.7805,Economic Mood Index,Canada,1/8/2016
53.0054,Economic Mood Index,Canada,1/15/2016
52.3145,Economic Mood Index,Canada,1/22/2016
52.0714,Economic Mood Index,Canada,1/29/2016
52.1655,Economic Mood Index,Canada,2/5/2016
52.1344,Economic Mood Index,Canada,2/12/2016
53.4745,Economic Mood Index,Canada,2/19/2016
53.6127,Economic Mood Index,Canada,2/26/2016
53.3604,Economic Mood Index,Canada,3/4/2016
53.9694,Economic Mood Index,Canada,3/11/2016
53.838,Economic Mood Index,Canada,3/18/2016
54.5169,Economic Mood Index,Canada,3/25/2016
54.7444,Economic Mood Index,Canada,4/1/2016
55.0087,Economic Mood Index,Canada,4/8/2016
55.8709,Economic Mood Index,Canada,4/15/2016
55.8687,Economic Mood Index,Canada,4/22/2016
56.923,Economic Mood Index,Canada,4/29/2016
57.6818,Economic Mood Index,Canada,5/6/2016
57.2556,Economic Mood Index,Canada,5/13/2016
57.746,Economic Mood Index,Canada,5/20/2016
57.5081,Economic Mood Index,Canada,5/27/2016
57.7869,Economic Mood Index,Canada,6/3/2016
57.9291,Economic Mood Index,Canada,6/10/2016
58.3856,Economic Mood Index,Canada,6/17/2016
58.3273,Economic Mood Index,Canada,6/24/2016
56.6833,Economic Mood Index,Canada,6/30/2016
56.9477,Economic Mood Index,Canada,7/8/2016
57.2503,Economic Mood Index,Canada,7/15/2016
57.5486,Economic Mood Index,Canada,7/22/2016
59.529,Economic Mood Index,Canada,7/29/2016
59.8965,Economic Mood Index,Canada,8/5/2016
59.3154,Economic Mood Index,Canada,8/12/2016
59.9252,Economic Mood Index,Canada,8/19/2016
59.2745,Economic Mood Index,Canada,8/26/2016
58.4413,Economic Mood Index,Canada,9/2/2016
57.7233,Economic Mood Index,Canada,9/9/2016
56.6716,Economic Mood Index,Canada,9/16/2016
56.5017,Economic Mood Index,Canada,9/23/2016
56.4804,Economic Mood Index,Canada,9/30/2016
57.1292,Economic Mood Index,Canada,10/7/2016
56.7753,Economic Mood Index,Canada,10/14/2016
56.3501,Economic Mood Index,Canada,10/21/2016
56.2364,Economic Mood Index,Canada,10/28/2016
55.8246,Economic Mood Index,Canada,11/4/2016
55.6005,Economic Mood Index,Canada,11/11/2016
55.5627,Economic Mood Index,Canada,11/18/2016
55.6371,Economic Mood Index,Canada,11/25/2016
55.5687,Economic Mood Index,Canada,12/2/2016
56.1543,Economic Mood Index,Canada,12/9/2016
56.566,Economic Mood Index,Canada,12/16/2016
56.6809,Economic Mood Index,Canada,12/23/2016
56.8217,Economic Mood Index,Canada,12/30/2016
56.5031,Economic Mood Index,Canada,1/6/2017
56.2495,Economic Mood Index,Canada,1/13/2017
56.4156,Economic Mood Index,Canada,1/20/2017
56.0602,Economic Mood Index,Canada,1/27/2017
57.3032,Economic Mood Index,Canada,2/3/2017
57.2844,Economic Mood Index,Canada,2/10/2017
57.6532,Economic Mood Index,Canada,2/17/2017
58.1465,Economic Mood Index,Canada,2/24/2017
57.4246,Economic Mood Index,Canada,3/3/2017
58.22,Economic Mood Index,Canada,3/10/2017
59.1632,Economic Mood Index,Canada,3/17/2017
58.4755,Economic Mood Index,Canada,3/24/2017
58.6804,Economic Mood Index,Canada,3/31/2017
58.903,Economic Mood Index,Canada,4/7/2017
58.624,Economic Mood Index,Canada,4/13/2017
59.1354,Economic Mood Index,Canada,4/21/2017
59.4411,Economic Mood Index,Canada,4/28/2017
58.9848,Economic Mood Index,Canada,5/5/2017
58.1014,Economic Mood Index,Canada,5/12/2017
57.8897,Economic Mood Index,Canada,5/19/2017
58.5021,Economic Mood Index,Canada,5/26/2017
57.9073,Economic Mood Index,Canada,6/2/2017
57.8214,Economic Mood Index,Canada,6/9/2017
58.0491,Economic Mood Index,Canada,6/16/2017
57.7312,Economic Mood Index,Canada,6/23/2017
58.3723,Economic Mood Index,Canada,6/30/2017
58.2614,Economic Mood Index,Canada,7/7/2017
58.2379,Economic Mood Index,Canada,7/14/2017
58.752,Economic Mood Index,Canada,7/21/2017
59.5191,Economic Mood Index,Canada,7/28/2017
60.4508,Economic Mood Index,Canada,8/4/2017
61.1897,Economic Mood Index,Canada,8/11/2017
60.9507,Economic Mood Index,Canada,8/18/2017
59.6765,Economic Mood Index,Canada,8/25/2017
58.9015,Economic Mood Index,Canada,9/1/2017
58.4477,Economic Mood Index,Canada,9/8/2017
58.4242,Economic Mood Index,Canada,9/15/2017
58.8851,Economic Mood Index,Canada,9/22/2017
58.3008,Economic Mood Index,Canada,9/29/2017
58.3994,Economic Mood Index,Canada,10/6/2017
57.8824,Economic Mood Index,Canada,10/13/2017
57.6733,Economic Mood Index,Canada,10/20/2017
57.5988,Economic Mood Index,Canada,10/27/2017
58.0403,Economic Mood Index,Canada,11/3/2017
58.8349,Economic Mood Index,Canada,11/10/2017
59.4592,Economic Mood Index,Canada,11/17/2017
58.7325,Economic Mood Index,Canada,11/24/2017
58.679,Economic Mood Index,Canada,12/1/2017
58.9523,Economic Mood Index,Canada,12/8/2017
60.1268,Economic Mood Index,Canada,12/15/2017
61.2063,Economic Mood Index,Canada,12/22/2017
62.1699,Economic Mood Index,Canada,12/29/2017
61.9074,Economic Mood Index,Canada,1/5/2018
60.5479,Economic Mood Index,Canada,1/12/2018
60.0422,Economic Mood Index,Canada,1/19/2018
59.1195,Economic Mood Index,Canada,1/26/2018
58.9848,Economic Mood Index,Canada,2/2/2018
58.592,Economic Mood Index,Canada,2/9/2018
58.3168,Economic Mood Index,Canada,2/16/2018
58.1802,Economic Mood Index,Canada,2/23/2018
57.6884,Economic Mood Index,Canada,3/2/2018
56.6604,Economic Mood Index,Canada,3/9/2018
56.2364,Economic Mood Index,Canada,3/16/2018
56.1893,Economic Mood Index,Canada,3/23/2018
56.8307,Economic Mood Index,Canada,3/29/2018
57.7862,Economic Mood Index,Canada,4/6/2018
57.7106,Economic Mood Index,Canada,4/13/2018
58.0741,Economic Mood Index,Canada,4/20/2018
57.8671,Economic Mood Index,Canada,4/27/2018
58.0371,Economic Mood Index,Canada,5/4/2018
58.2312,Economic Mood Index,Canada,5/11/2018
57.9992,Economic Mood Index,Canada,5/18/2018
57.2099,Economic Mood Index,Canada,5/25/2018
57.4687,Economic Mood Index,Canada,6/1/2018
57.3174,Economic Mood Index,Canada,6/8/2018
57.0543,Economic Mood Index,Canada,6/15/2018
55.2832,Economic Mood Index,Canada,6/22/2018
54.8724,Economic Mood Index,Canada,6/29/2018
54.4616,Economic Mood Index,Canada,7/6/2018
54.2113,Economic Mood Index,Canada,7/13/2018
54.3112,Economic Mood Index,Canada,7/20/2018
54.7333,Economic Mood Index,Canada,7/27/2018
55.3972,Economic Mood Index,Canada,8/3/2018
55.8709,Economic Mood Index,Canada,8/10/2018
56.5828,Economic Mood Index,Canada,8/17/2018
56.6591,Economic Mood Index,Canada,8/24/2018
56.523,Economic Mood Index,Canada,8/31/2018
55.9448,Economic Mood Index,Canada,9/7/2018
55.1267,Economic Mood Index,Canada,9/14/2018
55.6541,Economic Mood Index,Canada,9/21/2018
55.1968,Economic Mood Index,Canada,9/28/2018
55.686,Economic Mood Index,Canada,10/5/2018
56.2988,Economic Mood Index,Canada,10/12/2018
57.4283,Economic Mood Index,Canada,10/19/2018
58.0133,Economic Mood Index,Canada,10/26/2018
57.6448,Economic Mood Index,Canada,11/2/2018
57.589,Economic Mood Index,Canada,11/9/2018
56.5849,Economic Mood Index,Canada,11/16/2018
55.0942,Economic Mood Index,Canada,11/23/2018
53.6154,Economic Mood Index,Canada,11/30/2018
53.7547,Economic Mood Index,Canada,12/7/2018
54.0694,Economic Mood Index,Canada,12/14/2018
54.7162,Economic Mood Index,Canada,12/21/2018
55.0893,Economic Mood Index,Canada,12/28/2018
55.5116,Economic Mood Index,Canada,1/4/2019
54.497,Economic Mood Index,Canada,1/11/2019
54.5349,Economic Mood Index,Canada,1/18/2019
54.4269,Economic Mood Index,Canada,1/25/2019
54.1523,Economic Mood Index,Canada,2/1/2019
54.2947,Economic Mood Index,Canada,2/8/2019
54.7819,Economic Mood Index,Canada,2/15/2019
54.4314,Economic Mood Index,Canada,2/22/2019
54.9592,Economic Mood Index,Canada,3/1/2019
55.4837,Economic Mood Index,Canada,3/8/2019
55.2442,Economic Mood Index,Canada,3/15/2019
55.3591,Economic Mood Index,Canada,3/22/2019
55.44,Economic Mood Index,Canada,3/29/2019
55.5253,Economic Mood Index,Canada,4/5/2019
55.7807,Economic Mood Index,Canada,4/12/2019
55.2071,Economic Mood Index,Canada,4/19/2019
54.937,Economic Mood Index,Canada,4/26/2019
54.8867,Economic Mood Index,Canada,5/3/2019
54.74,Economic Mood Index,Canada,5/10/2019
55.1081,Economic Mood Index,Canada,5/17/2019
55.7057,Economic Mood Index,Canada,5/24/2019
55.5337,Economic Mood Index,Canada,5/31/2019
56.3941,Economic Mood Index,Canada,6/7/2019
56.8997,Economic Mood Index,Canada,6/14/2019
57.7541,Economic Mood Index,Canada,6/21/2019
58.3018,Economic Mood Index,Canada,6/28/2019
58.7526,Economic Mood Index,Canada,7/5/2019
59.0639,Economic Mood Index,Canada,7/12/2019
58.3365,Economic Mood Index,Canada,7/19/2019
58.2265,Economic Mood Index,Canada,7/26/2019
58.5534,Economic Mood Index,Canada,8/2/2019
57.826,Economic Mood Index,Canada,8/9/2019
57.3163,Economic Mood Index,Canada,8/16/2019
57.03,Economic Mood Index,Canada,8/23/2019
56.4421,Economic Mood Index,Canada,8/30/2019
56.473,Economic Mood Index,Canada,9/6/2019
56.7396,Economic Mood Index,Canada,9/13/2019
57.378,Economic Mood Index,Canada,9/20/2019
57.8394,Economic Mood Index,Canada,9/27/2019
58.2407,Economic Mood Index,Canada,10/4/2019
57.9898,Economic Mood Index,Canada,10/11/2019
57.5397,Economic Mood Index,Canada,10/18/2019
57.4348,Economic Mood Index,Canada,10/25/2019
56.743,Economic Mood Index,Canada,11/1/2019
57.0065,Economic Mood Index,Canada,11/8/2019
56.2251,Economic Mood Index,Canada,11/15/2019
55.0027,Economic Mood Index,Canada,11/22/2019
54.8379,Economic Mood Index,Canada,11/29/2019
55.0862,Economic Mood Index,Canada,12/6/2019
55.2653,Economic Mood Index,Canada,12/13/2019
56.6866,Economic Mood Index,Canada,12/20/2019
56.7989,Economic Mood Index,Canada,12/27/2019
56.5336,Economic Mood Index,Canada,1/3/2020
57.0627,Economic Mood Index,Canada,1/10/2020
56.0766,Economic Mood Index,Canada,1/17/2020
56.5074,Economic Mood Index,Canada,1/24/2020
56.3784,Economic Mood Index,Canada,1/31/2020
56.0102,Economic Mood Index,Canada,2/7/2020
56.8994,Economic Mood Index,Canada,2/14/2020
56.6173,Economic Mood Index,Canada,2/21/2020
55.8138,Economic Mood Index,Canada,2/28/2020
55.4964,Economic Mood Index,Canada,3/6/2020
54.2871,Economic Mood Index,Canada,3/13/2020
51.3375,Economic Mood Index,Canada,3/20/2020
46.9309,Economic Mood Index,Canada,3/27/2020
42.66,Economic Mood Index,Canada,4/3/2020
38.6827,Economic Mood Index,Canada,4/10/2020
37.2125,Economic Mood Index,Canada,4/17/2020
37.082,Economic Mood Index,Canada,4/24/2020
37.73,Economic Mood Index,Canada,5/1/2020
38.73,Economic Mood Index,Canada,5/8/2020
38.86,Economic Mood Index,Canada,5/15/2020
39.32,Economic Mood Index,Canada,5/22/2020
39.46,Economic Mood Index,Canada,5/29/2020
41.03,Economic Mood Index,Canada,6/5/2020
42.86,Economic Mood Index,Canada,6/12/2020
45.36,Economic Mood Index,Canada,6/19/2020
46.01,Economic Mood Index,Canada,6/26/2020
46.22,Economic Mood Index,Canada,7/3/2020
46.11,Economic Mood Index,Canada,7/10/2020
46.65,Economic Mood Index,Canada,7/17/2020
48.42,Economic Mood Index,Canada,7/24/2020
49.78,Economic Mood Index,Canada,7/31/2020
50.98,Economic Mood Index,Canada,8/7/2020
51.66,Economic Mood Index,Canada,8/14/2020
52.81,Economic Mood Index,Canada,8/21/2020
52.73,Economic Mood Index,Canada,8/28/2020
52.71,Economic Mood Index,Canada,9/4/2020
52.89,Economic Mood Index,Canada,9/11/2020
53.12,Economic Mood Index,Canada,9/18/2020
53.18,Economic Mood Index,Canada,9/25/2020
53.08,Economic Mood Index,Canada,10/2/2020
52.44,Economic Mood Index,Canada,10/9/2020
51.85,Economic Mood Index,Canada,10/16/2020
51.78,Economic Mood Index,Canada,10/23/2020
52.54,Economic Mood Index,Canada,10/30/2020
52.48,Economic Mood Index,Canada,11/6/2020
52.49,Economic Mood Index,Canada,11/13/2020
53,Economic Mood Index,Canada,11/20/2020
52.45,Economic Mood Index,Canada,11/27/2020
53.33,Economic Mood Index,Canada,12/4/2020
53.48,Economic Mood Index,Canada,12/11/2020
50.1573,Economic Mood Index,Ontario,6/30/2008
48.9147,Economic Mood Index,Ontario,9/30/2008
42.0729,Economic Mood Index,Ontario,12/31/2008
42.2067,Economic Mood Index,Ontario,3/31/2009
53.3061,Economic Mood Index,Ontario,6/30/2009
56.6125,Economic Mood Index,Ontario,9/30/2009
64.0183,Economic Mood Index,Ontario,12/31/2009
61.372,Economic Mood Index,Ontario,3/31/2010
58.9459,Economic Mood Index,Ontario,6/30/2010
57.833,Economic Mood Index,Ontario,9/30/2010
57.9986,Economic Mood Index,Ontario,12/31/2010
58.895,Economic Mood Index,Ontario,3/31/2011
58.9619,Economic Mood Index,Ontario,6/30/2011
54.4821,Economic Mood Index,Ontario,9/30/2011
56.7847,Economic Mood Index,Ontario,12/31/2011
55.7632,Economic Mood Index,Ontario,2/28/2012
56.1522,Economic Mood Index,Ontario,3/31/2012
55.0178,Economic Mood Index,Ontario,4/30/2012
55.6623,Economic Mood Index,Ontario,5/31/2012
52.6157,Economic Mood Index,Ontario,6/30/2012
49.3288,Economic Mood Index,Ontario,7/31/2012
50.8287,Economic Mood Index,Ontario,8/31/2012
54.8698,Economic Mood Index,Ontario,9/30/2012
54.056,Economic Mood Index,Ontario,10/31/2012
52.5337,Economic Mood Index,Ontario,11/30/2012
52.8779,Economic Mood Index,Ontario,12/31/2012
55.1287,Economic Mood Index,Ontario,1/31/2013
52.4237,Economic Mood Index,Ontario,2/28/2013
48.7596,Economic Mood Index,Ontario,3/31/2013
52.5679,Economic Mood Index,Ontario,4/30/2013
52.8397,Economic Mood Index,Ontario,5/24/2013
55.8031,Economic Mood Index,Ontario,5/31/2013
59.8031,Economic Mood Index,Ontario,6/7/2013
60.3832,Economic Mood Index,Ontario,6/14/2013
60.14,Economic Mood Index,Ontario,6/21/2013
60.4528,Economic Mood Index,Ontario,6/28/2013
60.0043,Economic Mood Index,Ontario,7/5/2013
57.8037,Economic Mood Index,Ontario,7/12/2013
57.4529,Economic Mood Index,Ontario,7/19/2013
56.9053,Economic Mood Index,Ontario,7/26/2013
58.6348,Economic Mood Index,Ontario,8/2/2013
57.2267,Economic Mood Index,Ontario,8/9/2013
56.8698,Economic Mood Index,Ontario,8/16/2013
56.5978,Economic Mood Index,Ontario,8/23/2013
55.4388,Economic Mood Index,Ontario,8/30/2013
56.6629,Economic Mood Index,Ontario,9/6/2013
57.344,Economic Mood Index,Ontario,9/13/2013
57.8009,Economic Mood Index,Ontario,9/20/2013
59.2855,Economic Mood Index,Ontario,9/27/2013
58.3323,Economic Mood Index,Ontario,10/4/2013
58.6147,Economic Mood Index,Ontario,10/11/2013
57.7166,Economic Mood Index,Ontario,10/18/2013
57.5428,Economic Mood Index,Ontario,10/25/2013
58.5278,Economic Mood Index,Ontario,11/1/2013
58.4553,Economic Mood Index,Ontario,11/8/2013
60.6684,Economic Mood Index,Ontario,11/15/2013
61.1438,Economic Mood Index,Ontario,11/22/2013
60.0605,Economic Mood Index,Ontario,11/29/2013
59.9674,Economic Mood Index,Ontario,12/6/2013
58.7398,Economic Mood Index,Ontario,12/13/2013
58.1998,Economic Mood Index,Ontario,12/20/2013
60.1687,Economic Mood Index,Ontario,12/27/2013
60.7134,Economic Mood Index,Ontario,1/3/2014
61.0237,Economic Mood Index,Ontario,1/10/2014
59.5325,Economic Mood Index,Ontario,1/17/2014
57.2319,Economic Mood Index,Ontario,1/24/2014
55.9347,Economic Mood Index,Ontario,1/31/2014
54.4952,Economic Mood Index,Ontario,2/7/2014
56.3106,Economic Mood Index,Ontario,2/14/2014
56.5997,Economic Mood Index,Ontario,2/21/2014
58.6613,Economic Mood Index,Ontario,2/28/2014
59.2139,Economic Mood Index,Ontario,3/7/2014
58.1635,Economic Mood Index,Ontario,3/14/2014
59.2841,Economic Mood Index,Ontario,3/21/2014
57.9701,Economic Mood Index,Ontario,3/28/2014
58.7314,Economic Mood Index,Ontario,4/4/2014
59.4133,Economic Mood Index,Ontario,4/11/2014
60.3954,Economic Mood Index,Ontario,4/18/2014
60.8868,Economic Mood Index,Ontario,4/25/2014
60.3804,Economic Mood Index,Ontario,5/2/2014
59.7243,Economic Mood Index,Ontario,5/9/2014
59.4571,Economic Mood Index,Ontario,5/16/2014
58.8363,Economic Mood Index,Ontario,5/23/2014
59.4467,Economic Mood Index,Ontario,5/30/2014
59.5493,Economic Mood Index,Ontario,6/6/2014
57.9966,Economic Mood Index,Ontario,6/13/2014
57.8954,Economic Mood Index,Ontario,6/20/2014
58.6023,Economic Mood Index,Ontario,6/27/2014
59.6803,Economic Mood Index,Ontario,7/4/2014
61.1705,Economic Mood Index,Ontario,7/11/2014
61.7563,Economic Mood Index,Ontario,7/18/2014
60.4886,Economic Mood Index,Ontario,7/25/2014
58.5849,Economic Mood Index,Ontario,8/1/2014
58.2361,Economic Mood Index,Ontario,8/8/2014
58.6906,Economic Mood Index,Ontario,8/15/2014
59.5361,Economic Mood Index,Ontario,8/22/2014
60.2985,Economic Mood Index,Ontario,8/29/2014
61.0769,Economic Mood Index,Ontario,9/5/2014
60.9174,Economic Mood Index,Ontario,9/12/2014
62.0639,Economic Mood Index,Ontario,9/19/2014
63.0221,Economic Mood Index,Ontario,9/26/2014
61.7526,Economic Mood Index,Ontario,10/3/2014
61.2112,Economic Mood Index,Ontario,10/10/2014
59.5752,Economic Mood Index,Ontario,10/17/2014
59.1642,Economic Mood Index,Ontario,10/24/2014
59.9482,Economic Mood Index,Ontario,10/31/2014
59.8754,Economic Mood Index,Ontario,11/7/2014
59.5927,Economic Mood Index,Ontario,11/14/2014
59.1865,Economic Mood Index,Ontario,11/21/2014
58.6357,Economic Mood Index,Ontario,11/28/2014
58.4744,Economic Mood Index,Ontario,12/5/2014
58.7451,Economic Mood Index,Ontario,12/12/2014
57.2796,Economic Mood Index,Ontario,12/19/2014
56.3201,Economic Mood Index,Ontario,12/26/2014
56.9431,Economic Mood Index,Ontario,1/2/2015
57.1402,Economic Mood Index,Ontario,1/9/2015
58.7538,Economic Mood Index,Ontario,1/16/2015
58.9464,Economic Mood Index,Ontario,1/23/2015
57.7785,Economic Mood Index,Ontario,1/30/2015
57.1438,Economic Mood Index,Ontario,2/6/2015
56.7254,Economic Mood Index,Ontario,2/13/2015
57.8718,Economic Mood Index,Ontario,2/20/2015
57.9876,Economic Mood Index,Ontario,2/27/2015
59.2389,Economic Mood Index,Ontario,3/6/2015
59.3474,Economic Mood Index,Ontario,3/13/2015
58.0703,Economic Mood Index,Ontario,3/20/2015
58.3277,Economic Mood Index,Ontario,3/27/2015
57.0033,Economic Mood Index,Ontario,4/3/2015
57.3541,Economic Mood Index,Ontario,4/10/2015
58.632,Economic Mood Index,Ontario,4/17/2015
59.3895,Economic Mood Index,Ontario,4/24/2015
59.0287,Economic Mood Index,Ontario,5/1/2015
59.4156,Economic Mood Index,Ontario,5/8/2015
57.4419,Economic Mood Index,Ontario,5/15/2015
58.2835,Economic Mood Index,Ontario,5/22/2015
58.6014,Economic Mood Index,Ontario,5/29/2015
58.183,Economic Mood Index,Ontario,6/5/2015
60.9757,Economic Mood Index,Ontario,6/12/2015
60.3204,Economic Mood Index,Ontario,6/19/2015
60.8791,Economic Mood Index,Ontario,6/26/2015
59.9925,Economic Mood Index,Ontario,7/3/2015
56.9942,Economic Mood Index,Ontario,7/10/2015
56.9673,Economic Mood Index,Ontario,7/17/2015
54.9881,Economic Mood Index,Ontario,7/24/2015
54.1944,Economic Mood Index,Ontario,7/31/2015
55.9355,Economic Mood Index,Ontario,8/7/2015
56.2395,Economic Mood Index,Ontario,8/14/2015
57.1327,Economic Mood Index,Ontario,8/21/2015
57.9587,Economic Mood Index,Ontario,8/28/2015
57.2445,Economic Mood Index,Ontario,9/4/2015
56.1388,Economic Mood Index,Ontario,9/11/2015
55.2985,Economic Mood Index,Ontario,9/18/2015
56.3969,Economic Mood Index,Ontario,9/25/2015
58.7471,Economic Mood Index,Ontario,10/2/2015
58.9601,Economic Mood Index,Ontario,10/9/2015
60.5468,Economic Mood Index,Ontario,10/16/2015
61.197,Economic Mood Index,Ontario,10/23/2015
59.8678,Economic Mood Index,Ontario,10/30/2015
60.3959,Economic Mood Index,Ontario,11/6/2015
60.624,Economic Mood Index,Ontario,11/13/2015
59.147,Economic Mood Index,Ontario,11/20/2015
58.5501,Economic Mood Index,Ontario,11/27/2015
58.384,Economic Mood Index,Ontario,12/4/2015
57.6424,Economic Mood Index,Ontario,12/11/2015
59.0707,Economic Mood Index,Ontario,12/18/2015
57.9174,Economic Mood Index,Ontario,12/25/2015
55.8534,Economic Mood Index,Ontario,1/1/2016
55.4765,Economic Mood Index,Ontario,1/8/2016
53.5996,Economic Mood Index,Ontario,1/15/2016
53.6724,Economic Mood Index,Ontario,1/22/2016
55.2481,Economic Mood Index,Ontario,1/29/2016
55.9243,Economic Mood Index,Ontario,2/5/2016
55.7515,Economic Mood Index,Ontario,2/12/2016
57.1927,Economic Mood Index,Ontario,2/19/2016
56.6628,Economic Mood Index,Ontario,2/26/2016
56.6444,Economic Mood Index,Ontario,3/4/2016
58.8668,Economic Mood Index,Ontario,3/11/2016
59.2222,Economic Mood Index,Ontario,3/18/2016
58.9778,Economic Mood Index,Ontario,3/25/2016
59.4464,Economic Mood Index,Ontario,4/1/2016
59.2937,Economic Mood Index,Ontario,4/8/2016
59.7159,Economic Mood Index,Ontario,4/15/2016
61.1384,Economic Mood Index,Ontario,4/22/2016
62.1301,Economic Mood Index,Ontario,4/29/2016
61.3885,Economic Mood Index,Ontario,5/6/2016
60.5123,Economic Mood Index,Ontario,5/13/2016
60.2156,Economic Mood Index,Ontario,5/20/2016
59.7526,Economic Mood Index,Ontario,5/27/2016
60.7003,Economic Mood Index,Ontario,6/3/2016
60.6645,Economic Mood Index,Ontario,6/10/2016
60.8509,Economic Mood Index,Ontario,6/17/2016
60.5856,Economic Mood Index,Ontario,6/24/2016
59.512,Economic Mood Index,Ontario,6/30/2016
60.2347,Economic Mood Index,Ontario,7/8/2016
61.2035,Economic Mood Index,Ontario,7/15/2016
61.4932,Economic Mood Index,Ontario,7/22/2016
62.5579,Economic Mood Index,Ontario,7/29/2016
62.7706,Economic Mood Index,Ontario,8/5/2016
62.2223,Economic Mood Index,Ontario,8/12/2016
62.2375,Economic Mood Index,Ontario,8/19/2016
62.1648,Economic Mood Index,Ontario,8/26/2016
61.3611,Economic Mood Index,Ontario,9/2/2016
60.2983,Economic Mood Index,Ontario,9/9/2016
59.8922,Economic Mood Index,Ontario,9/16/2016
60.1969,Economic Mood Index,Ontario,9/23/2016
59.8613,Economic Mood Index,Ontario,9/30/2016
60.1732,Economic Mood Index,Ontario,10/7/2016
59.4388,Economic Mood Index,Ontario,10/14/2016
59.4531,Economic Mood Index,Ontario,10/21/2016
59.9647,Economic Mood Index,Ontario,10/28/2016
60.3712,Economic Mood Index,Ontario,11/4/2016
61.0897,Economic Mood Index,Ontario,11/11/2016
60.5216,Economic Mood Index,Ontario,11/18/2016
59.9166,Economic Mood Index,Ontario,11/25/2016
58.3189,Economic Mood Index,Ontario,12/2/2016
57.9529,Economic Mood Index,Ontario,12/9/2016
57.5643,Economic Mood Index,Ontario,12/16/2016
57.8206,Economic Mood Index,Ontario,12/23/2016
59.0553,Economic Mood Index,Ontario,12/30/2016
59.3075,Economic Mood Index,Ontario,1/6/2017
59.1619,Economic Mood Index,Ontario,1/13/2017
58.8296,Economic Mood Index,Ontario,1/20/2017
57.7658,Economic Mood Index,Ontario,1/27/2017
59.8139,Economic Mood Index,Ontario,2/3/2017
59.3426,Economic Mood Index,Ontario,2/10/2017
58.8065,Economic Mood Index,Ontario,2/17/2017
59.0342,Economic Mood Index,Ontario,2/24/2017
58.0405,Economic Mood Index,Ontario,3/3/2017
59.9782,Economic Mood Index,Ontario,3/10/2017
61.6026,Economic Mood Index,Ontario,3/17/2017
60.8553,Economic Mood Index,Ontario,3/24/2017
62.4256,Economic Mood Index,Ontario,3/31/2017
61.8134,Economic Mood Index,Ontario,4/7/2017
60.6387,Economic Mood Index,Ontario,4/13/2017
62.931,Economic Mood Index,Ontario,4/21/2017
63.3531,Economic Mood Index,Ontario,4/28/2017
62.0803,Economic Mood Index,Ontario,5/5/2017
62.8425,Economic Mood Index,Ontario,5/12/2017
60.5791,Economic Mood Index,Ontario,5/19/2017
60.4492,Economic Mood Index,Ontario,5/26/2017
59.3617,Economic Mood Index,Ontario,6/2/2017
57.2661,Economic Mood Index,Ontario,6/9/2017
57.6533,Economic Mood Index,Ontario,6/16/2017
54.9707,Economic Mood Index,Ontario,6/23/2017
55.9003,Economic Mood Index,Ontario,6/30/2017
58.1263,Economic Mood Index,Ontario,7/7/2017
58.8328,Economic Mood Index,Ontario,7/14/2017
60.8124,Economic Mood Index,Ontario,7/21/2017
61.5538,Economic Mood Index,Ontario,7/28/2017
61.3198,Economic Mood Index,Ontario,8/4/2017
61.4435,Economic Mood Index,Ontario,8/11/2017
60.1306,Economic Mood Index,Ontario,8/18/2017
59.0585,Economic Mood Index,Ontario,8/25/2017
58.0767,Economic Mood Index,Ontario,9/1/2017
56.7393,Economic Mood Index,Ontario,9/8/2017
57.2542,Economic Mood Index,Ontario,9/15/2017
58.2731,Economic Mood Index,Ontario,9/22/2017
58.295,Economic Mood Index,Ontario,9/29/2017
58.9873,Economic Mood Index,Ontario,10/6/2017
59.1853,Economic Mood Index,Ontario,10/13/2017
58.0526,Economic Mood Index,Ontario,10/20/2017
58.7819,Economic Mood Index,Ontario,10/27/2017
59.6931,Economic Mood Index,Ontario,11/3/2017
60.5971,Economic Mood Index,Ontario,11/10/2017
60.578,Economic Mood Index,Ontario,11/17/2017
59.6193,Economic Mood Index,Ontario,11/24/2017
57.7483,Economic Mood Index,Ontario,12/1/2017
57.3241,Economic Mood Index,Ontario,12/8/2017
59.2818,Economic Mood Index,Ontario,12/15/2017
61.0416,Economic Mood Index,Ontario,12/22/2017
61.8641,Economic Mood Index,Ontario,12/29/2017
60.8309,Economic Mood Index,Ontario,1/5/2018
59.9631,Economic Mood Index,Ontario,1/12/2018
58.6456,Economic Mood Index,Ontario,1/19/2018
57.3928,Economic Mood Index,Ontario,1/26/2018
57.1168,Economic Mood Index,Ontario,2/2/2018
56.8986,Economic Mood Index,Ontario,2/9/2018
56.6774,Economic Mood Index,Ontario,2/16/2018
57.4035,Economic Mood Index,Ontario,2/23/2018
58.4597,Economic Mood Index,Ontario,3/2/2018
56.5904,Economic Mood Index,Ontario,3/9/2018
56.4944,Economic Mood Index,Ontario,3/16/2018
56.1732,Economic Mood Index,Ontario,3/23/2018
56.1422,Economic Mood Index,Ontario,3/29/2018
57.0234,Economic Mood Index,Ontario,4/6/2018
56.0151,Economic Mood Index,Ontario,4/13/2018
56.0429,Economic Mood Index,Ontario,4/20/2018
56.1742,Economic Mood Index,Ontario,4/27/2018
56.6948,Economic Mood Index,Ontario,5/4/2018
56.3638,Economic Mood Index,Ontario,5/11/2018
56.7894,Economic Mood Index,Ontario,5/18/2018
57.4774,Economic Mood Index,Ontario,5/25/2018
57.6152,Economic Mood Index,Ontario,6/1/2018
57.9617,Economic Mood Index,Ontario,6/8/2018
57.9813,Economic Mood Index,Ontario,6/15/2018
55.0142,Economic Mood Index,Ontario,6/22/2018
55.2578,Economic Mood Index,Ontario,6/29/2018
55.2366,Economic Mood Index,Ontario,7/6/2018
54.9352,Economic Mood Index,Ontario,7/13/2018
55.1518,Economic Mood Index,Ontario,7/20/2018
55.8907,Economic Mood Index,Ontario,7/27/2018
55.8953,Economic Mood Index,Ontario,8/3/2018
55.2298,Economic Mood Index,Ontario,8/10/2018
57.2195,Economic Mood Index,Ontario,8/17/2018
57.7052,Economic Mood Index,Ontario,8/24/2018
59.1254,Economic Mood Index,Ontario,8/31/2018
59.0577,Economic Mood Index,Ontario,9/7/2018
58.8042,Economic Mood Index,Ontario,9/14/2018
59.145,Economic Mood Index,Ontario,9/21/2018
57.4697,Economic Mood Index,Ontario,9/28/2018
57.9476,Economic Mood Index,Ontario,10/5/2018
58.9267,Economic Mood Index,Ontario,10/12/2018
59.1644,Economic Mood Index,Ontario,10/19/2018
59.9568,Economic Mood Index,Ontario,10/26/2018
58.9542,Economic Mood Index,Ontario,11/2/2018
59.0806,Economic Mood Index,Ontario,11/9/2018
58.0112,Economic Mood Index,Ontario,11/16/2018
57.2938,Economic Mood Index,Ontario,11/23/2018
55.8823,Economic Mood Index,Ontario,11/30/2018
55.6061,Economic Mood Index,Ontario,12/7/2018
56.9221,Economic Mood Index,Ontario,12/14/2018
55.4016,Economic Mood Index,Ontario,12/21/2018
55.8037,Economic Mood Index,Ontario,12/28/2018
56.5741,Economic Mood Index,Ontario,1/4/2019
54.9816,Economic Mood Index,Ontario,1/11/2019
55.4983,Economic Mood Index,Ontario,1/18/2019
55.0306,Economic Mood Index,Ontario,1/25/2019
54.7597,Economic Mood Index,Ontario,2/1/2019
54.886,Economic Mood Index,Ontario,2/8/2019
56.5684,Economic Mood Index,Ontario,2/15/2019
56.6661,Economic Mood Index,Ontario,2/22/2019
57.0319,Economic Mood Index,Ontario,3/1/2019
57.1805,Economic Mood Index,Ontario,3/8/2019
56.279,Economic Mood Index,Ontario,3/15/2019
56.2823,Economic Mood Index,Ontario,3/22/2019
56.7566,Economic Mood Index,Ontario,3/29/2019
56.5512,Economic Mood Index,Ontario,4/5/2019
57.3942,Economic Mood Index,Ontario,4/12/2019
57.0214,Economic Mood Index,Ontario,4/19/2019
56.7536,Economic Mood Index,Ontario,4/26/2019
57.4697,Economic Mood Index,Ontario,5/3/2019
57.6518,Economic Mood Index,Ontario,5/10/2019
57.0438,Economic Mood Index,Ontario,5/17/2019
57.3175,Economic Mood Index,Ontario,5/24/2019
56.5226,Economic Mood Index,Ontario,5/31/2019
57.4751,Economic Mood Index,Ontario,6/7/2019
58.1705,Economic Mood Index,Ontario,6/14/2019
58.8553,Economic Mood Index,Ontario,6/21/2019
59.5053,Economic Mood Index,Ontario,6/28/2019
60.025,Economic Mood Index,Ontario,7/5/2019
60.3054,Economic Mood Index,Ontario,7/12/2019
60.0125,Economic Mood Index,Ontario,7/19/2019
60.238,Economic Mood Index,Ontario,7/26/2019
60.9805,Economic Mood Index,Ontario,8/2/2019
59.7444,Economic Mood Index,Ontario,8/9/2019
59.0686,Economic Mood Index,Ontario,8/16/2019
58.98,Economic Mood Index,Ontario,8/23/2019
56.97,Economic Mood Index,Ontario,8/30/2019
57.9474,Economic Mood Index,Ontario,9/6/2019
58.2769,Economic Mood Index,Ontario,9/13/2019
58.8801,Economic Mood Index,Ontario,9/20/2019
59.7006,Economic Mood Index,Ontario,9/27/2019
59.2587,Economic Mood Index,Ontario,10/4/2019
59.0999,Economic Mood Index,Ontario,10/11/2019
58.7019,Economic Mood Index,Ontario,10/18/2019
59.2247,Economic Mood Index,Ontario,10/25/2019
59.5303,Economic Mood Index,Ontario,11/1/2019
59.9378,Economic Mood Index,Ontario,11/8/2019
59.9512,Economic Mood Index,Ontario,11/15/2019
57.8283,Economic Mood Index,Ontario,11/22/2019
55.6569,Economic Mood Index,Ontario,11/29/2019
55.1708,Economic Mood Index,Ontario,12/6/2019
55.8728,Economic Mood Index,Ontario,12/13/2019
57.9199,Economic Mood Index,Ontario,12/20/2019
59.1836,Economic Mood Index,Ontario,12/27/2019
59.1304,Economic Mood Index,Ontario,1/3/2020
59.079,Economic Mood Index,Ontario,1/10/2020
59.3452,Economic Mood Index,Ontario,1/17/2020
59.682,Economic Mood Index,Ontario,1/24/2020
59.4092,Economic Mood Index,Ontario,1/31/2020
59.0904,Economic Mood Index,Ontario,2/7/2020
59.0129,Economic Mood Index,Ontario,2/14/2020
59.0044,Economic Mood Index,Ontario,2/21/2020
59.7238,Economic Mood Index,Ontario,2/28/2020
60.4397,Economic Mood Index,Ontario,3/6/2020
58.8409,Economic Mood Index,Ontario,3/13/2020
55.5321,Economic Mood Index,Ontario,3/20/2020
51.0876,Economic Mood Index,Ontario,3/27/2020
46.3769,Economic Mood Index,Ontario,4/3/2020
42.2237,Economic Mood Index,Ontario,4/10/2020
40.052,Economic Mood Index,Ontario,4/17/2020
39.2234,Economic Mood Index,Ontario,4/24/2020
38.37,Economic Mood Index,Ontario,5/1/2020
39.27,Economic Mood Index,Ontario,5/8/2020
40.41,Economic Mood Index,Ontario,5/15/2020
39.62,Economic Mood Index,Ontario,5/22/2020
40.99,Economic Mood Index,Ontario,5/29/2020
42.68,Economic Mood Index,Ontario,6/5/2020
44.14,Economic Mood Index,Ontario,6/12/2020
46.8,Economic Mood Index,Ontario,6/19/2020
47.03,Economic Mood Index,Ontario,6/26/2020
46.62,Economic Mood Index,Ontario,7/3/2020
47.02,Economic Mood Index,Ontario,7/10/2020
49.57,Economic Mood Index,Ontario,7/17/2020
51.04,Economic Mood Index,Ontario,7/24/2020
53.28,Economic Mood Index,Ontario,7/31/2020
54.22,Economic Mood Index,Ontario,8/7/2020
55.71,Economic Mood Index,Ontario,8/14/2020
56.86,Economic Mood Index,Ontario,8/21/2020
57.44,Economic Mood Index,Ontario,8/28/2020
55.79,Economic Mood Index,Ontario,9/4/2020
54.91,Economic Mood Index,Ontario,9/11/2020
54.79,Economic Mood Index,Ontario,9/18/2020
54.15,Economic Mood Index,Ontario,9/25/2020
55.55,Economic Mood Index,Ontario,10/2/2020
55.62,Economic Mood Index,Ontario,10/9/2020
54.71,Economic Mood Index,Ontario,10/16/2020
54.73,Economic Mood Index,Ontario,10/23/2020
55.11,Economic Mood Index,Ontario,10/30/2020
54.36,Economic Mood Index,Ontario,11/6/2020
55.78,Economic Mood Index,Ontario,11/13/2020
55.61,Economic Mood Index,Ontario,11/20/2020
53.89,Economic Mood Index,Ontario,11/27/2020
56.12,Economic Mood Index,Ontario,12/4/2020
54.73,Economic Mood Index,Ontario,12/11/2020
50.1155,Economic Mood Index,Quebec,6/30/2008
51.4104,Economic Mood Index,Quebec,9/30/2008
41.6783,Economic Mood Index,Quebec,12/31/2008
43.6179,Economic Mood Index,Quebec,3/31/2009
49.9745,Economic Mood Index,Quebec,6/30/2009
55.1619,Economic Mood Index,Quebec,9/30/2009
58.3614,Economic Mood Index,Quebec,12/31/2009
58.3229,Economic Mood Index,Quebec,3/31/2010
61.6537,Economic Mood Index,Quebec,6/30/2010
59.0308,Economic Mood Index,Quebec,9/30/2010
55.3754,Economic Mood Index,Quebec,12/31/2010
58.0636,Economic Mood Index,Quebec,3/31/2011
54.697,Economic Mood Index,Quebec,6/30/2011
52.9728,Economic Mood Index,Quebec,9/30/2011
50.2037,Economic Mood Index,Quebec,12/31/2011
52.8774,Economic Mood Index,Quebec,2/28/2012
53.486,Economic Mood Index,Quebec,3/31/2012
51.3487,Economic Mood Index,Quebec,4/30/2012
52.6209,Economic Mood Index,Quebec,5/31/2012
52.7776,Economic Mood Index,Quebec,6/30/2012
52.6918,Economic Mood Index,Quebec,7/31/2012
52.1386,Economic Mood Index,Quebec,8/31/2012
50.8598,Economic Mood Index,Quebec,9/30/2012
50.8828,Economic Mood Index,Quebec,10/31/2012
51.0651,Economic Mood Index,Quebec,11/30/2012
53.1894,Economic Mood Index,Quebec,12/31/2012
53.1689,Economic Mood Index,Quebec,1/31/2013
47.6033,Economic Mood Index,Quebec,2/28/2013
49.7457,Economic Mood Index,Quebec,3/31/2013
48.2215,Economic Mood Index,Quebec,4/30/2013
53.3179,Economic Mood Index,Quebec,5/24/2013
53.6366,Economic Mood Index,Quebec,5/31/2013
56.361,Economic Mood Index,Quebec,6/7/2013
55.689,Economic Mood Index,Quebec,6/14/2013
54.3226,Economic Mood Index,Quebec,6/21/2013
56.7768,Economic Mood Index,Quebec,6/28/2013
55.5235,Economic Mood Index,Quebec,7/5/2013
55.771,Economic Mood Index,Quebec,7/12/2013
56.126,Economic Mood Index,Quebec,7/19/2013
56.2143,Economic Mood Index,Quebec,7/26/2013
56.7585,Economic Mood Index,Quebec,8/2/2013
56.7457,Economic Mood Index,Quebec,8/9/2013
55.3462,Economic Mood Index,Quebec,8/16/2013
53.9395,Economic Mood Index,Quebec,8/23/2013
55.5354,Economic Mood Index,Quebec,8/30/2013
55.4024,Economic Mood Index,Quebec,9/6/2013
56.2697,Economic Mood Index,Quebec,9/13/2013
57.0215,Economic Mood Index,Quebec,9/20/2013
56.6871,Economic Mood Index,Quebec,9/27/2013
56.6322,Economic Mood Index,Quebec,10/4/2013
56.6968,Economic Mood Index,Quebec,10/11/2013
56.6279,Economic Mood Index,Quebec,10/18/2013
56.1052,Economic Mood Index,Quebec,10/25/2013
56.8358,Economic Mood Index,Quebec,11/1/2013
56.4048,Economic Mood Index,Quebec,11/8/2013
57.2373,Economic Mood Index,Quebec,11/15/2013
56.7384,Economic Mood Index,Quebec,11/22/2013
55.9465,Economic Mood Index,Quebec,11/29/2013
56.1461,Economic Mood Index,Quebec,12/6/2013
55.2499,Economic Mood Index,Quebec,12/13/2013
55.6024,Economic Mood Index,Quebec,12/20/2013
56.2778,Economic Mood Index,Quebec,12/27/2013
57.7026,Economic Mood Index,Quebec,1/3/2014
56.9328,Economic Mood Index,Quebec,1/10/2014
56.8715,Economic Mood Index,Quebec,1/17/2014
55.6565,Economic Mood Index,Quebec,1/24/2014
53.5882,Economic Mood Index,Quebec,1/31/2014
54.9378,Economic Mood Index,Quebec,2/7/2014
56.287,Economic Mood Index,Quebec,2/14/2014
57.187,Economic Mood Index,Quebec,2/21/2014
58.0505,Economic Mood Index,Quebec,2/28/2014
59.1462,Economic Mood Index,Quebec,3/7/2014
57.0815,Economic Mood Index,Quebec,3/14/2014
56.0292,Economic Mood Index,Quebec,3/21/2014
56.6258,Economic Mood Index,Quebec,3/28/2014
54.3677,Economic Mood Index,Quebec,4/4/2014
56.5619,Economic Mood Index,Quebec,4/11/2014
57.4744,Economic Mood Index,Quebec,4/18/2014
56.4393,Economic Mood Index,Quebec,4/25/2014
57.2076,Economic Mood Index,Quebec,5/2/2014
55.468,Economic Mood Index,Quebec,5/9/2014
55.8751,Economic Mood Index,Quebec,5/16/2014
56.329,Economic Mood Index,Quebec,5/23/2014
56.6805,Economic Mood Index,Quebec,5/30/2014
58.1494,Economic Mood Index,Quebec,6/6/2014
58.1955,Economic Mood Index,Quebec,6/13/2014
58.0241,Economic Mood Index,Quebec,6/20/2014
57.5129,Economic Mood Index,Quebec,6/27/2014
56.5339,Economic Mood Index,Quebec,7/4/2014
56.2382,Economic Mood Index,Quebec,7/11/2014
56.2693,Economic Mood Index,Quebec,7/18/2014
56.2025,Economic Mood Index,Quebec,7/25/2014
56.4024,Economic Mood Index,Quebec,8/1/2014
56.7576,Economic Mood Index,Quebec,8/8/2014
57.0531,Economic Mood Index,Quebec,8/15/2014
56.2067,Economic Mood Index,Quebec,8/22/2014
55.6821,Economic Mood Index,Quebec,8/29/2014
55.0336,Economic Mood Index,Quebec,9/5/2014
53.8973,Economic Mood Index,Quebec,9/12/2014
54.6011,Economic Mood Index,Quebec,9/19/2014
54.3431,Economic Mood Index,Quebec,9/26/2014
53.0177,Economic Mood Index,Quebec,10/3/2014
53.4706,Economic Mood Index,Quebec,10/10/2014
53.7055,Economic Mood Index,Quebec,10/17/2014
54.3102,Economic Mood Index,Quebec,10/24/2014
55.2173,Economic Mood Index,Quebec,10/31/2014
55.4203,Economic Mood Index,Quebec,11/7/2014
55.9722,Economic Mood Index,Quebec,11/14/2014
54.8409,Economic Mood Index,Quebec,11/21/2014
55.734,Economic Mood Index,Quebec,11/28/2014
54.5594,Economic Mood Index,Quebec,12/5/2014
53.0058,Economic Mood Index,Quebec,12/12/2014
52.5296,Economic Mood Index,Quebec,12/19/2014
51.4426,Economic Mood Index,Quebec,12/26/2014
53.0067,Economic Mood Index,Quebec,1/2/2015
54.4509,Economic Mood Index,Quebec,1/9/2015
54.562,Economic Mood Index,Quebec,1/16/2015
55.3328,Economic Mood Index,Quebec,1/23/2015
55.5314,Economic Mood Index,Quebec,1/30/2015
54.4864,Economic Mood Index,Quebec,2/6/2015
55.2158,Economic Mood Index,Quebec,2/13/2015
53.0647,Economic Mood Index,Quebec,2/20/2015
52.034,Economic Mood Index,Quebec,2/27/2015
52.8924,Economic Mood Index,Quebec,3/6/2015
52.9403,Economic Mood Index,Quebec,3/13/2015
54.2942,Economic Mood Index,Quebec,3/20/2015
54.6273,Economic Mood Index,Quebec,3/27/2015
53.5081,Economic Mood Index,Quebec,4/3/2015
54.8288,Economic Mood Index,Quebec,4/10/2015
55.3254,Economic Mood Index,Quebec,4/17/2015
55.456,Economic Mood Index,Quebec,4/24/2015
56.3728,Economic Mood Index,Quebec,5/1/2015
54.9485,Economic Mood Index,Quebec,5/8/2015
55.2388,Economic Mood Index,Quebec,5/15/2015
54.149,Economic Mood Index,Quebec,5/22/2015
54.6743,Economic Mood Index,Quebec,5/29/2015
55.101,Economic Mood Index,Quebec,6/5/2015
53.9461,Economic Mood Index,Quebec,6/12/2015
55.0563,Economic Mood Index,Quebec,6/19/2015
54.629,Economic Mood Index,Quebec,6/26/2015
53.6772,Economic Mood Index,Quebec,7/3/2015
55.0391,Economic Mood Index,Quebec,7/10/2015
53.2906,Economic Mood Index,Quebec,7/17/2015
52.0508,Economic Mood Index,Quebec,7/24/2015
51.108,Economic Mood Index,Quebec,7/31/2015
49.7798,Economic Mood Index,Quebec,8/7/2015
48.9141,Economic Mood Index,Quebec,8/14/2015
49.8925,Economic Mood Index,Quebec,8/21/2015
51.1394,Economic Mood Index,Quebec,8/28/2015
50.9049,Economic Mood Index,Quebec,9/4/2015
53.681,Economic Mood Index,Quebec,9/11/2015
52.6838,Economic Mood Index,Quebec,9/18/2015
53.1409,Economic Mood Index,Quebec,9/25/2015
53.0726,Economic Mood Index,Quebec,10/2/2015
52.9677,Economic Mood Index,Quebec,10/9/2015
52.6244,Economic Mood Index,Quebec,10/16/2015
54.2919,Economic Mood Index,Quebec,10/23/2015
55.575,Economic Mood Index,Quebec,10/30/2015
56.3207,Economic Mood Index,Quebec,11/6/2015
58.0119,Economic Mood Index,Quebec,11/13/2015
57.529,Economic Mood Index,Quebec,11/20/2015
56.9176,Economic Mood Index,Quebec,11/27/2015
54.9107,Economic Mood Index,Quebec,12/4/2015
54.256,Economic Mood Index,Quebec,12/11/2015
53.9828,Economic Mood Index,Quebec,12/18/2015
53.7548,Economic Mood Index,Quebec,12/25/2015
55.0556,Economic Mood Index,Quebec,1/1/2016
56.6068,Economic Mood Index,Quebec,1/8/2016
54.8855,Economic Mood Index,Quebec,1/15/2016
54.0254,Economic Mood Index,Quebec,1/22/2016
52.3542,Economic Mood Index,Quebec,1/29/2016
50.8889,Economic Mood Index,Quebec,2/5/2016
51.4898,Economic Mood Index,Quebec,2/12/2016
52.2042,Economic Mood Index,Quebec,2/19/2016
53.5329,Economic Mood Index,Quebec,2/26/2016
53.4944,Economic Mood Index,Quebec,3/4/2016
54.1422,Economic Mood Index,Quebec,3/11/2016
53.5234,Economic Mood Index,Quebec,3/18/2016
54.0688,Economic Mood Index,Quebec,3/25/2016
55.3784,Economic Mood Index,Quebec,4/1/2016
54.4917,Economic Mood Index,Quebec,4/8/2016
57.1412,Economic Mood Index,Quebec,4/15/2016
55.1191,Economic Mood Index,Quebec,4/22/2016
54.2342,Economic Mood Index,Quebec,4/29/2016
56.2684,Economic Mood Index,Quebec,5/6/2016
55.4572,Economic Mood Index,Quebec,5/13/2016
57.0233,Economic Mood Index,Quebec,5/20/2016
57.7952,Economic Mood Index,Quebec,5/27/2016
57.9717,Economic Mood Index,Quebec,6/3/2016
57.8438,Economic Mood Index,Quebec,6/10/2016
58.0349,Economic Mood Index,Quebec,6/17/2016
57.7056,Economic Mood Index,Quebec,6/24/2016
55.3099,Economic Mood Index,Quebec,6/30/2016
55.7408,Economic Mood Index,Quebec,7/8/2016
56.7578,Economic Mood Index,Quebec,7/15/2016
57.3732,Economic Mood Index,Quebec,7/22/2016
60.0441,Economic Mood Index,Quebec,7/29/2016
60.3895,Economic Mood Index,Quebec,8/5/2016
59.7512,Economic Mood Index,Quebec,8/12/2016
60.2902,Economic Mood Index,Quebec,8/19/2016
59.8479,Economic Mood Index,Quebec,8/26/2016
59.0445,Economic Mood Index,Quebec,9/2/2016
59.6284,Economic Mood Index,Quebec,9/9/2016
59.1864,Economic Mood Index,Quebec,9/16/2016
58.503,Economic Mood Index,Quebec,9/23/2016
59.4383,Economic Mood Index,Quebec,9/30/2016
59.5119,Economic Mood Index,Quebec,10/7/2016
58.4873,Economic Mood Index,Quebec,10/14/2016
58.8826,Economic Mood Index,Quebec,10/21/2016
58.5342,Economic Mood Index,Quebec,10/28/2016
56.8691,Economic Mood Index,Quebec,11/4/2016
57.1705,Economic Mood Index,Quebec,11/11/2016
56.108,Economic Mood Index,Quebec,11/18/2016
56.9522,Economic Mood Index,Quebec,11/25/2016
58.229,Economic Mood Index,Quebec,12/2/2016
59.1237,Economic Mood Index,Quebec,12/9/2016
59.4786,Economic Mood Index,Quebec,12/16/2016
58.6302,Economic Mood Index,Quebec,12/23/2016
57.6362,Economic Mood Index,Quebec,12/30/2016
56.7288,Economic Mood Index,Quebec,1/6/2017
56.7243,Economic Mood Index,Quebec,1/13/2017
57.434,Economic Mood Index,Quebec,1/20/2017
57.246,Economic Mood Index,Quebec,1/27/2017
57.9508,Economic Mood Index,Quebec,2/3/2017
57.8802,Economic Mood Index,Quebec,2/10/2017
58.0785,Economic Mood Index,Quebec,2/17/2017
59.5475,Economic Mood Index,Quebec,2/24/2017
58.7052,Economic Mood Index,Quebec,3/3/2017
58.6734,Economic Mood Index,Quebec,3/10/2017
60.2061,Economic Mood Index,Quebec,3/17/2017
59.4911,Economic Mood Index,Quebec,3/24/2017
60.0205,Economic Mood Index,Quebec,3/31/2017
61.209,Economic Mood Index,Quebec,4/7/2017
61.8408,Economic Mood Index,Quebec,4/13/2017
61.65,Economic Mood Index,Quebec,4/21/2017
61.0433,Economic Mood Index,Quebec,4/28/2017
60.8464,Economic Mood Index,Quebec,5/5/2017
57.6093,Economic Mood Index,Quebec,5/12/2017
58.5423,Economic Mood Index,Quebec,5/19/2017
60.9068,Economic Mood Index,Quebec,5/26/2017
60.5132,Economic Mood Index,Quebec,6/2/2017
61.3002,Economic Mood Index,Quebec,6/9/2017
60.7821,Economic Mood Index,Quebec,6/16/2017
59.8342,Economic Mood Index,Quebec,6/23/2017
59.4249,Economic Mood Index,Quebec,6/30/2017
59.7593,Economic Mood Index,Quebec,7/7/2017
59.5821,Economic Mood Index,Quebec,7/14/2017
59.4388,Economic Mood Index,Quebec,7/21/2017
61.2557,Economic Mood Index,Quebec,7/28/2017
61.9173,Economic Mood Index,Quebec,8/4/2017
62.1264,Economic Mood Index,Quebec,8/11/2017
62.4643,Economic Mood Index,Quebec,8/18/2017
60.7613,Economic Mood Index,Quebec,8/25/2017
59.5403,Economic Mood Index,Quebec,9/1/2017
61.2871,Economic Mood Index,Quebec,9/8/2017
61.5357,Economic Mood Index,Quebec,9/15/2017
62.4712,Economic Mood Index,Quebec,9/22/2017
63.2956,Economic Mood Index,Quebec,9/29/2017
62.3426,Economic Mood Index,Quebec,10/6/2017
61.3326,Economic Mood Index,Quebec,10/13/2017
60.3599,Economic Mood Index,Quebec,10/20/2017
58.051,Economic Mood Index,Quebec,10/27/2017
58.9772,Economic Mood Index,Quebec,11/3/2017
59.5961,Economic Mood Index,Quebec,11/10/2017
61.6416,Economic Mood Index,Quebec,11/17/2017
61.9224,Economic Mood Index,Quebec,11/24/2017
62.5611,Economic Mood Index,Quebec,12/1/2017
63.2035,Economic Mood Index,Quebec,12/8/2017
63.0135,Economic Mood Index,Quebec,12/15/2017
63.3515,Economic Mood Index,Quebec,12/22/2017
65.1922,Economic Mood Index,Quebec,12/29/2017
65.5213,Economic Mood Index,Quebec,1/5/2018
64.7203,Economic Mood Index,Quebec,1/12/2018
63.6859,Economic Mood Index,Quebec,1/19/2018
60.948,Economic Mood Index,Quebec,1/26/2018
60.5859,Economic Mood Index,Quebec,2/2/2018
60.2548,Economic Mood Index,Quebec,2/9/2018
60.8382,Economic Mood Index,Quebec,2/16/2018
61.1466,Economic Mood Index,Quebec,2/23/2018
60.7833,Economic Mood Index,Quebec,3/2/2018
60.9804,Economic Mood Index,Quebec,3/9/2018
61.3671,Economic Mood Index,Quebec,3/16/2018
61.0274,Economic Mood Index,Quebec,3/23/2018
62.978,Economic Mood Index,Quebec,3/29/2018
64.1811,Economic Mood Index,Quebec,4/6/2018
63.5446,Economic Mood Index,Quebec,4/13/2018
63.6511,Economic Mood Index,Quebec,4/20/2018
63.1308,Economic Mood Index,Quebec,4/27/2018
63.4727,Economic Mood Index,Quebec,5/4/2018
62.7269,Economic Mood Index,Quebec,5/11/2018
62.4129,Economic Mood Index,Quebec,5/18/2018
60.3924,Economic Mood Index,Quebec,5/25/2018
59.7722,Economic Mood Index,Quebec,6/1/2018
60.1515,Economic Mood Index,Quebec,6/8/2018
59.8353,Economic Mood Index,Quebec,6/15/2018
59.2117,Economic Mood Index,Quebec,6/22/2018
58.1962,Economic Mood Index,Quebec,6/29/2018
58.0604,Economic Mood Index,Quebec,7/6/2018
58.1697,Economic Mood Index,Quebec,7/13/2018
59.7926,Economic Mood Index,Quebec,7/20/2018
60.294,Economic Mood Index,Quebec,7/27/2018
60.9361,Economic Mood Index,Quebec,8/3/2018
61.1258,Economic Mood Index,Quebec,8/10/2018
60.1214,Economic Mood Index,Quebec,8/17/2018
60.498,Economic Mood Index,Quebec,8/24/2018
59.5135,Economic Mood Index,Quebec,8/31/2018
60.0431,Economic Mood Index,Quebec,9/7/2018
60.3939,Economic Mood Index,Quebec,9/14/2018
59.4191,Economic Mood Index,Quebec,9/21/2018
59.8216,Economic Mood Index,Quebec,9/28/2018
59.5109,Economic Mood Index,Quebec,10/5/2018
59.4864,Economic Mood Index,Quebec,10/12/2018
61.5163,Economic Mood Index,Quebec,10/19/2018
61.4684,Economic Mood Index,Quebec,10/26/2018
61.4703,Economic Mood Index,Quebec,11/2/2018
61.4886,Economic Mood Index,Quebec,11/9/2018
61.7135,Economic Mood Index,Quebec,11/16/2018
59.8904,Economic Mood Index,Quebec,11/23/2018
60.0485,Economic Mood Index,Quebec,11/30/2018
60.8169,Economic Mood Index,Quebec,12/7/2018
60.9035,Economic Mood Index,Quebec,12/14/2018
63.701,Economic Mood Index,Quebec,12/21/2018
63.1732,Economic Mood Index,Quebec,12/28/2018
62.8967,Economic Mood Index,Quebec,1/4/2019
61.1731,Economic Mood Index,Quebec,1/11/2019
60.8768,Economic Mood Index,Quebec,1/18/2019
61.0013,Economic Mood Index,Quebec,1/25/2019
60.757,Economic Mood Index,Quebec,2/1/2019
61.5225,Economic Mood Index,Quebec,2/8/2019
60.7125,Economic Mood Index,Quebec,2/15/2019
59.8505,Economic Mood Index,Quebec,2/22/2019
59.7658,Economic Mood Index,Quebec,3/1/2019
60.9576,Economic Mood Index,Quebec,3/8/2019
61.7171,Economic Mood Index,Quebec,3/15/2019
62.1017,Economic Mood Index,Quebec,3/22/2019
62.025,Economic Mood Index,Quebec,3/29/2019
61.6086,Economic Mood Index,Quebec,4/5/2019
61.5226,Economic Mood Index,Quebec,4/12/2019
60.6999,Economic Mood Index,Quebec,4/19/2019
61.5707,Economic Mood Index,Quebec,4/26/2019
60.8282,Economic Mood Index,Quebec,5/3/2019
61.039,Economic Mood Index,Quebec,5/10/2019
61.6659,Economic Mood Index,Quebec,5/17/2019
61.2161,Economic Mood Index,Quebec,5/24/2019
61.7101,Economic Mood Index,Quebec,5/31/2019
63.0156,Economic Mood Index,Quebec,6/7/2019
62.4553,Economic Mood Index,Quebec,6/14/2019
64.5521,Economic Mood Index,Quebec,6/21/2019
64.8769,Economic Mood Index,Quebec,6/28/2019
65.0857,Economic Mood Index,Quebec,7/5/2019
66.9041,Economic Mood Index,Quebec,7/12/2019
64.0703,Economic Mood Index,Quebec,7/19/2019
64.7382,Economic Mood Index,Quebec,7/26/2019
64.4132,Economic Mood Index,Quebec,8/2/2019
63.5022,Economic Mood Index,Quebec,8/9/2019
63.5053,Economic Mood Index,Quebec,8/16/2019
63.7535,Economic Mood Index,Quebec,8/23/2019
63.2633,Economic Mood Index,Quebec,8/30/2019
63.4646,Economic Mood Index,Quebec,9/6/2019
62.9822,Economic Mood Index,Quebec,9/13/2019
63.0219,Economic Mood Index,Quebec,9/20/2019
62.7561,Economic Mood Index,Quebec,9/27/2019
63.4947,Economic Mood Index,Quebec,10/4/2019
63.165,Economic Mood Index,Quebec,10/11/2019
63.1067,Economic Mood Index,Quebec,10/18/2019
62.7138,Economic Mood Index,Quebec,10/25/2019
61.5321,Economic Mood Index,Quebec,11/1/2019
62.6461,Economic Mood Index,Quebec,11/8/2019
62.3328,Economic Mood Index,Quebec,11/15/2019
63.2612,Economic Mood Index,Quebec,11/22/2019
63.632,Economic Mood Index,Quebec,11/29/2019
64.9592,Economic Mood Index,Quebec,12/6/2019
64.0226,Economic Mood Index,Quebec,12/13/2019
64.5019,Economic Mood Index,Quebec,12/20/2019
64.0843,Economic Mood Index,Quebec,12/27/2019
62.6208,Economic Mood Index,Quebec,1/3/2020
63.6837,Economic Mood Index,Quebec,1/10/2020
62.314,Economic Mood Index,Quebec,1/17/2020
62.8011,Economic Mood Index,Quebec,1/24/2020
62.5305,Economic Mood Index,Quebec,1/31/2020
62.2485,Economic Mood Index,Quebec,2/7/2020
64.7883,Economic Mood Index,Quebec,2/14/2020
64.3645,Economic Mood Index,Quebec,2/21/2020
64.1596,Economic Mood Index,Quebec,2/28/2020
63.0174,Economic Mood Index,Quebec,3/6/2020
60.3433,Economic Mood Index,Quebec,3/13/2020
58.0561,Economic Mood Index,Quebec,3/20/2020
52.1004,Economic Mood Index,Quebec,3/27/2020
46.81,Economic Mood Index,Quebec,4/3/2020
44.1516,Economic Mood Index,Quebec,4/10/2020
41.9505,Economic Mood Index,Quebec,4/17/2020
42.6552,Economic Mood Index,Quebec,4/24/2020
43.76,Economic Mood Index,Quebec,5/1/2020
41.64,Economic Mood Index,Quebec,5/8/2020
41.65,Economic Mood Index,Quebec,5/15/2020
41.9,Economic Mood Index,Quebec,5/22/2020
41.88,Economic Mood Index,Quebec,5/29/2020
43.84,Economic Mood Index,Quebec,6/5/2020
44.61,Economic Mood Index,Quebec,6/12/2020
47.83,Economic Mood Index,Quebec,6/19/2020
48.4,Economic Mood Index,Quebec,6/26/2020
49.92,Economic Mood Index,Quebec,7/3/2020
49.95,Economic Mood Index,Quebec,7/10/2020
49.76,Economic Mood Index,Quebec,7/17/2020
52.23,Economic Mood Index,Quebec,7/24/2020
52.96,Economic Mood Index,Quebec,7/31/2020
53.93,Economic Mood Index,Quebec,8/7/2020
54.16,Economic Mood Index,Quebec,8/14/2020
55,Economic Mood Index,Quebec,8/21/2020
55.18,Economic Mood Index,Quebec,8/28/2020
56.14,Economic Mood Index,Quebec,9/4/2020
58.17,Economic Mood Index,Quebec,9/11/2020
56.91,Economic Mood Index,Quebec,9/18/2020
56.37,Economic Mood Index,Quebec,9/25/2020
55.74,Economic Mood Index,Quebec,10/2/2020
53.23,Economic Mood Index,Quebec,10/9/2020
52.65,Economic Mood Index,Quebec,10/16/2020
53.32,Economic Mood Index,Quebec,10/23/2020
53.67,Economic Mood Index,Quebec,10/30/2020
54.6,Economic Mood Index,Quebec,11/6/2020
54.39,Economic Mood Index,Quebec,11/13/2020
54.94,Economic Mood Index,Quebec,11/20/2020
56.06,Economic Mood Index,Quebec,11/27/2020
56.47,Economic Mood Index,Quebec,12/4/2020
57.61,Economic Mood Index,Quebec,12/11/2020
