Bnccexp,Calculation1,Category,Date
45.0736,Expectations Index,British Columbia,6/30/2008
46.5186,Expectations Index,British Columbia,9/30/2008
29.9213,Expectations Index,British Columbia,12/31/2008
32.5274,Expectations Index,British Columbia,3/31/2009
50.2458,Expectations Index,British Columbia,6/30/2009
63.7577,Expectations Index,British Columbia,9/30/2009
69.4448,Expectations Index,British Columbia,12/31/2009
68.369,Expectations Index,British Columbia,3/31/2010
64.1209,Expectations Index,British Columbia,6/30/2010
56.4416,Expectations Index,British Columbia,9/30/2010
57.4018,Expectations Index,British Columbia,12/31/2010
59.6654,Expectations Index,British Columbia,3/31/2011
57.5509,Expectations Index,British Columbia,6/30/2011
45.0138,Expectations Index,British Columbia,9/30/2011
50.911,Expectations Index,British Columbia,12/31/2011
57.6192,Expectations Index,British Columbia,2/28/2012
54.295,Expectations Index,British Columbia,3/31/2012
58.0442,Expectations Index,British Columbia,4/30/2012
60.6312,Expectations Index,British Columbia,5/31/2012
49.1229,Expectations Index,British Columbia,6/30/2012
49.769,Expectations Index,British Columbia,7/31/2012
49.1895,Expectations Index,British Columbia,8/31/2012
50.3086,Expectations Index,British Columbia,9/30/2012
49.1724,Expectations Index,British Columbia,10/31/2012
53.1279,Expectations Index,British Columbia,11/30/2012
49.8261,Expectations Index,British Columbia,12/31/2012
49.6599,Expectations Index,British Columbia,1/31/2013
51.0365,Expectations Index,British Columbia,2/28/2013
45.096,Expectations Index,British Columbia,3/31/2013
41.0013,Expectations Index,British Columbia,4/30/2013
59.0624,Expectations Index,British Columbia,5/24/2013
59.5375,Expectations Index,British Columbia,5/31/2013
58.5427,Expectations Index,British Columbia,6/7/2013
57.1,Expectations Index,British Columbia,6/14/2013
56.1874,Expectations Index,British Columbia,6/21/2013
54.8265,Expectations Index,British Columbia,6/28/2013
62.0669,Expectations Index,British Columbia,7/5/2013
55.0326,Expectations Index,British Columbia,7/12/2013
55.0702,Expectations Index,British Columbia,7/19/2013
57.4928,Expectations Index,British Columbia,7/26/2013
59.0425,Expectations Index,British Columbia,8/2/2013
59.1967,Expectations Index,British Columbia,8/9/2013
56.4272,Expectations Index,British Columbia,8/16/2013
51.7857,Expectations Index,British Columbia,8/23/2013
50.3382,Expectations Index,British Columbia,8/30/2013
49.6891,Expectations Index,British Columbia,9/6/2013
54.4863,Expectations Index,British Columbia,9/13/2013
58.1155,Expectations Index,British Columbia,9/20/2013
58.2538,Expectations Index,British Columbia,9/27/2013
57.3674,Expectations Index,British Columbia,10/4/2013
53.5267,Expectations Index,British Columbia,10/11/2013
54.3783,Expectations Index,British Columbia,10/18/2013
54.2701,Expectations Index,British Columbia,10/25/2013
54.5782,Expectations Index,British Columbia,11/1/2013
53.1216,Expectations Index,British Columbia,11/8/2013
54.8092,Expectations Index,British Columbia,11/15/2013
56.26,Expectations Index,British Columbia,11/22/2013
56.6335,Expectations Index,British Columbia,11/29/2013
60.3134,Expectations Index,British Columbia,12/6/2013
59.2054,Expectations Index,British Columbia,12/13/2013
60.1731,Expectations Index,British Columbia,12/20/2013
61.9105,Expectations Index,British Columbia,12/27/2013
59.799,Expectations Index,British Columbia,1/3/2014
60.2827,Expectations Index,British Columbia,1/10/2014
58.4049,Expectations Index,British Columbia,1/17/2014
54.0325,Expectations Index,British Columbia,1/24/2014
53.1263,Expectations Index,British Columbia,1/31/2014
49.8727,Expectations Index,British Columbia,2/7/2014
50.726,Expectations Index,British Columbia,2/14/2014
56.0317,Expectations Index,British Columbia,2/21/2014
57.2936,Expectations Index,British Columbia,2/28/2014
56.4275,Expectations Index,British Columbia,3/7/2014
56.0955,Expectations Index,British Columbia,3/14/2014
54.8078,Expectations Index,British Columbia,3/21/2014
55.794,Expectations Index,British Columbia,3/28/2014
59.1869,Expectations Index,British Columbia,4/4/2014
59.4743,Expectations Index,British Columbia,4/11/2014
60.0976,Expectations Index,British Columbia,4/18/2014
59.5651,Expectations Index,British Columbia,4/25/2014
58.4379,Expectations Index,British Columbia,5/2/2014
61.3034,Expectations Index,British Columbia,5/9/2014
61.721,Expectations Index,British Columbia,5/16/2014
63.1516,Expectations Index,British Columbia,5/23/2014
63.3193,Expectations Index,British Columbia,5/30/2014
59.0517,Expectations Index,British Columbia,6/6/2014
57.0439,Expectations Index,British Columbia,6/13/2014
56.1361,Expectations Index,British Columbia,6/20/2014
56.5514,Expectations Index,British Columbia,6/27/2014
58.3611,Expectations Index,British Columbia,7/4/2014
58.135,Expectations Index,British Columbia,7/11/2014
58.9182,Expectations Index,British Columbia,7/18/2014
57.7068,Expectations Index,British Columbia,7/25/2014
58.1405,Expectations Index,British Columbia,8/1/2014
58.1057,Expectations Index,British Columbia,8/8/2014
56.9004,Expectations Index,British Columbia,8/15/2014
57.6523,Expectations Index,British Columbia,8/22/2014
57.1076,Expectations Index,British Columbia,8/29/2014
57.5867,Expectations Index,British Columbia,9/5/2014
58.1878,Expectations Index,British Columbia,9/12/2014
59.643,Expectations Index,British Columbia,9/19/2014
59.6882,Expectations Index,British Columbia,9/26/2014
59.9975,Expectations Index,British Columbia,10/3/2014
59.6254,Expectations Index,British Columbia,10/10/2014
58.7046,Expectations Index,British Columbia,10/17/2014
59.0067,Expectations Index,British Columbia,10/24/2014
57.1302,Expectations Index,British Columbia,10/31/2014
56.0864,Expectations Index,British Columbia,11/7/2014
56.4841,Expectations Index,British Columbia,11/14/2014
55.1844,Expectations Index,British Columbia,11/21/2014
58.2348,Expectations Index,British Columbia,11/28/2014
57.1667,Expectations Index,British Columbia,12/5/2014
57.6706,Expectations Index,British Columbia,12/12/2014
58.1937,Expectations Index,British Columbia,12/19/2014
55.3287,Expectations Index,British Columbia,12/26/2014
56.3733,Expectations Index,British Columbia,1/2/2015
54.5211,Expectations Index,British Columbia,1/9/2015
55.1216,Expectations Index,British Columbia,1/16/2015
53.6432,Expectations Index,British Columbia,1/23/2015
51.8137,Expectations Index,British Columbia,1/30/2015
50.1041,Expectations Index,British Columbia,2/6/2015
49.0767,Expectations Index,British Columbia,2/13/2015
48.7777,Expectations Index,British Columbia,2/20/2015
49.0806,Expectations Index,British Columbia,2/27/2015
47.8898,Expectations Index,British Columbia,3/6/2015
49.6929,Expectations Index,British Columbia,3/13/2015
55.0457,Expectations Index,British Columbia,3/20/2015
57.7637,Expectations Index,British Columbia,3/27/2015
60.7905,Expectations Index,British Columbia,4/3/2015
60.7348,Expectations Index,British Columbia,4/10/2015
57.5361,Expectations Index,British Columbia,4/17/2015
56.6269,Expectations Index,British Columbia,4/24/2015
58.2266,Expectations Index,British Columbia,5/1/2015
57.6314,Expectations Index,British Columbia,5/8/2015
58.0356,Expectations Index,British Columbia,5/15/2015
60.5529,Expectations Index,British Columbia,5/22/2015
59.7411,Expectations Index,British Columbia,5/29/2015
57.5655,Expectations Index,British Columbia,6/5/2015
58.184,Expectations Index,British Columbia,6/12/2015
57.0695,Expectations Index,British Columbia,6/19/2015
57.2894,Expectations Index,British Columbia,6/26/2015
60.5258,Expectations Index,British Columbia,7/3/2015
60.2688,Expectations Index,British Columbia,7/10/2015
58.7823,Expectations Index,British Columbia,7/17/2015
56.4884,Expectations Index,British Columbia,7/24/2015
54.0257,Expectations Index,British Columbia,7/31/2015
50.8039,Expectations Index,British Columbia,8/7/2015
50.2689,Expectations Index,British Columbia,8/14/2015
52.1786,Expectations Index,British Columbia,8/21/2015
51.8689,Expectations Index,British Columbia,8/28/2015
53.0997,Expectations Index,British Columbia,9/4/2015
54.9568,Expectations Index,British Columbia,9/11/2015
54.1152,Expectations Index,British Columbia,9/18/2015
57.3106,Expectations Index,British Columbia,9/25/2015
60.5098,Expectations Index,British Columbia,10/2/2015
60.1554,Expectations Index,British Columbia,10/9/2015
63.5563,Expectations Index,British Columbia,10/16/2015
64.0008,Expectations Index,British Columbia,10/23/2015
63.0028,Expectations Index,British Columbia,10/30/2015
66.3122,Expectations Index,British Columbia,11/6/2015
65.923,Expectations Index,British Columbia,11/13/2015
65.276,Expectations Index,British Columbia,11/20/2015
64.8653,Expectations Index,British Columbia,11/27/2015
63.7823,Expectations Index,British Columbia,12/4/2015
59.7808,Expectations Index,British Columbia,12/11/2015
58.1485,Expectations Index,British Columbia,12/18/2015
57.8848,Expectations Index,British Columbia,12/25/2015
54.3233,Expectations Index,British Columbia,1/1/2016
55.2291,Expectations Index,British Columbia,1/8/2016
55.887,Expectations Index,British Columbia,1/15/2016
56.4672,Expectations Index,British Columbia,1/22/2016
58.2122,Expectations Index,British Columbia,1/29/2016
58.99,Expectations Index,British Columbia,2/5/2016
59.0373,Expectations Index,British Columbia,2/12/2016
59.1,Expectations Index,British Columbia,2/19/2016
58.1023,Expectations Index,British Columbia,2/26/2016
58.245,Expectations Index,British Columbia,3/4/2016
59.5201,Expectations Index,British Columbia,3/11/2016
61.775,Expectations Index,British Columbia,3/18/2016
62.5748,Expectations Index,British Columbia,3/25/2016
63.7294,Expectations Index,British Columbia,4/1/2016
64.0552,Expectations Index,British Columbia,4/8/2016
63.4262,Expectations Index,British Columbia,4/15/2016
64.3811,Expectations Index,British Columbia,4/22/2016
67.5109,Expectations Index,British Columbia,4/29/2016
67.94,Expectations Index,British Columbia,5/6/2016
67.6246,Expectations Index,British Columbia,5/13/2016
69.4532,Expectations Index,British Columbia,5/20/2016
67.3883,Expectations Index,British Columbia,5/27/2016
69.0741,Expectations Index,British Columbia,6/3/2016
69.9279,Expectations Index,British Columbia,6/10/2016
69.2479,Expectations Index,British Columbia,6/17/2016
70.6482,Expectations Index,British Columbia,6/24/2016
68.5725,Expectations Index,British Columbia,6/30/2016
68.0993,Expectations Index,British Columbia,7/8/2016
67.8353,Expectations Index,British Columbia,7/15/2016
64.5484,Expectations Index,British Columbia,7/22/2016
65.6634,Expectations Index,British Columbia,7/29/2016
65.9686,Expectations Index,British Columbia,8/5/2016
64.9766,Expectations Index,British Columbia,8/12/2016
70.1292,Expectations Index,British Columbia,8/19/2016
65.8472,Expectations Index,British Columbia,8/26/2016
60.8898,Expectations Index,British Columbia,9/2/2016
55.8759,Expectations Index,British Columbia,9/9/2016
48.9044,Expectations Index,British Columbia,9/16/2016
51.5382,Expectations Index,British Columbia,9/23/2016
53.4853,Expectations Index,British Columbia,9/30/2016
57.6374,Expectations Index,British Columbia,10/7/2016
60.4827,Expectations Index,British Columbia,10/14/2016
60.0788,Expectations Index,British Columbia,10/21/2016
59.6514,Expectations Index,British Columbia,10/28/2016
58.4325,Expectations Index,British Columbia,11/4/2016
54.3983,Expectations Index,British Columbia,11/11/2016
53.6566,Expectations Index,British Columbia,11/18/2016
53.4438,Expectations Index,British Columbia,11/25/2016
54.4447,Expectations Index,British Columbia,12/2/2016
56.4287,Expectations Index,British Columbia,12/9/2016
57.2937,Expectations Index,British Columbia,12/16/2016
54.954,Expectations Index,British Columbia,12/23/2016
53.8098,Expectations Index,British Columbia,12/30/2016
51.073,Expectations Index,British Columbia,1/6/2017
51.8591,Expectations Index,British Columbia,1/13/2017
54.47,Expectations Index,British Columbia,1/20/2017
56.5789,Expectations Index,British Columbia,1/27/2017
61.5149,Expectations Index,British Columbia,2/3/2017
60.1364,Expectations Index,British Columbia,2/10/2017
61.9338,Expectations Index,British Columbia,2/17/2017
62.1272,Expectations Index,British Columbia,2/24/2017
58.9173,Expectations Index,British Columbia,3/3/2017
58.8809,Expectations Index,British Columbia,3/10/2017
55.8885,Expectations Index,British Columbia,3/17/2017
55.2729,Expectations Index,British Columbia,3/24/2017
56.9817,Expectations Index,British Columbia,3/31/2017
59.8637,Expectations Index,British Columbia,4/7/2017
64.0357,Expectations Index,British Columbia,4/13/2017
65.1276,Expectations Index,British Columbia,4/21/2017
65.9805,Expectations Index,British Columbia,4/28/2017
64.5278,Expectations Index,British Columbia,5/5/2017
63.5808,Expectations Index,British Columbia,5/12/2017
64.0729,Expectations Index,British Columbia,5/19/2017
62.979,Expectations Index,British Columbia,5/26/2017
63.4768,Expectations Index,British Columbia,6/2/2017
63.9054,Expectations Index,British Columbia,6/9/2017
63.3208,Expectations Index,British Columbia,6/16/2017
64.4316,Expectations Index,British Columbia,6/23/2017
68.4734,Expectations Index,British Columbia,6/30/2017
65.932,Expectations Index,British Columbia,7/7/2017
66.8621,Expectations Index,British Columbia,7/14/2017
66.8878,Expectations Index,British Columbia,7/21/2017
68.9797,Expectations Index,British Columbia,7/28/2017
70.162,Expectations Index,British Columbia,8/4/2017
68.9753,Expectations Index,British Columbia,8/11/2017
65.8717,Expectations Index,British Columbia,8/18/2017
63.7789,Expectations Index,British Columbia,8/25/2017
62.7757,Expectations Index,British Columbia,9/1/2017
64.4123,Expectations Index,British Columbia,9/8/2017
66.4874,Expectations Index,British Columbia,9/15/2017
66.1863,Expectations Index,British Columbia,9/22/2017
64.395,Expectations Index,British Columbia,9/29/2017
63.1129,Expectations Index,British Columbia,10/6/2017
62.6266,Expectations Index,British Columbia,10/13/2017
61.0894,Expectations Index,British Columbia,10/20/2017
57.7274,Expectations Index,British Columbia,10/27/2017
58.3573,Expectations Index,British Columbia,11/3/2017
59.5065,Expectations Index,British Columbia,11/10/2017
60.658,Expectations Index,British Columbia,11/17/2017
62.4137,Expectations Index,British Columbia,11/24/2017
64.1279,Expectations Index,British Columbia,12/1/2017
63.6582,Expectations Index,British Columbia,12/8/2017
64.5812,Expectations Index,British Columbia,12/15/2017
65.1514,Expectations Index,British Columbia,12/22/2017
65.9784,Expectations Index,British Columbia,12/29/2017
67.0241,Expectations Index,British Columbia,1/5/2018
68.8445,Expectations Index,British Columbia,1/12/2018
69.0736,Expectations Index,British Columbia,1/19/2018
67.6181,Expectations Index,British Columbia,1/26/2018
67.4794,Expectations Index,British Columbia,2/2/2018
65.3167,Expectations Index,British Columbia,2/9/2018
63.2181,Expectations Index,British Columbia,2/16/2018
62.5682,Expectations Index,British Columbia,2/23/2018
58.2185,Expectations Index,British Columbia,3/2/2018
58.5791,Expectations Index,British Columbia,3/9/2018
59.1651,Expectations Index,British Columbia,3/16/2018
55.9211,Expectations Index,British Columbia,3/23/2018
59.35,Expectations Index,British Columbia,3/29/2018
60.7734,Expectations Index,British Columbia,4/6/2018
59.693,Expectations Index,British Columbia,4/13/2018
61.6583,Expectations Index,British Columbia,4/20/2018
59.5093,Expectations Index,British Columbia,4/27/2018
58.9604,Expectations Index,British Columbia,5/4/2018
60.3531,Expectations Index,British Columbia,5/11/2018
62.7302,Expectations Index,British Columbia,5/18/2018
61.1072,Expectations Index,British Columbia,5/25/2018
65.3962,Expectations Index,British Columbia,6/1/2018
62.1862,Expectations Index,British Columbia,6/8/2018
57.3774,Expectations Index,British Columbia,6/15/2018
56.5789,Expectations Index,British Columbia,6/22/2018
53.1512,Expectations Index,British Columbia,6/29/2018
52.4899,Expectations Index,British Columbia,7/6/2018
51.4687,Expectations Index,British Columbia,7/13/2018
48.8842,Expectations Index,British Columbia,7/20/2018
48.6635,Expectations Index,British Columbia,7/27/2018
49.0995,Expectations Index,British Columbia,8/3/2018
49.0629,Expectations Index,British Columbia,8/10/2018
51.4201,Expectations Index,British Columbia,8/17/2018
50.3203,Expectations Index,British Columbia,8/24/2018
52.2965,Expectations Index,British Columbia,8/31/2018
48.8703,Expectations Index,British Columbia,9/7/2018
47.6368,Expectations Index,British Columbia,9/14/2018
48.189,Expectations Index,British Columbia,9/21/2018
47.119,Expectations Index,British Columbia,9/28/2018
51.4276,Expectations Index,British Columbia,10/5/2018
51.3986,Expectations Index,British Columbia,10/12/2018
52.5057,Expectations Index,British Columbia,10/19/2018
54.4121,Expectations Index,British Columbia,10/26/2018
55.639,Expectations Index,British Columbia,11/2/2018
56.3423,Expectations Index,British Columbia,11/9/2018
53.445,Expectations Index,British Columbia,11/16/2018
53.7072,Expectations Index,British Columbia,11/23/2018
49.7426,Expectations Index,British Columbia,11/30/2018
45.3719,Expectations Index,British Columbia,12/7/2018
43.9148,Expectations Index,British Columbia,12/14/2018
40.1691,Expectations Index,British Columbia,12/21/2018
39.9236,Expectations Index,British Columbia,12/28/2018
42.1213,Expectations Index,British Columbia,1/4/2019
40.7257,Expectations Index,British Columbia,1/11/2019
42.9986,Expectations Index,British Columbia,1/18/2019
46.7438,Expectations Index,British Columbia,1/25/2019
47.7407,Expectations Index,British Columbia,2/1/2019
49.2914,Expectations Index,British Columbia,2/8/2019
49.9349,Expectations Index,British Columbia,2/15/2019
46.5148,Expectations Index,British Columbia,2/22/2019
45.4037,Expectations Index,British Columbia,3/1/2019
46.4306,Expectations Index,British Columbia,3/8/2019
43.8923,Expectations Index,British Columbia,3/15/2019
46.4592,Expectations Index,British Columbia,3/22/2019
45.9528,Expectations Index,British Columbia,3/29/2019
45.6491,Expectations Index,British Columbia,4/5/2019
44.8263,Expectations Index,British Columbia,4/12/2019
43.9312,Expectations Index,British Columbia,4/19/2019
45.0561,Expectations Index,British Columbia,4/26/2019
46.1492,Expectations Index,British Columbia,5/3/2019
44.5269,Expectations Index,British Columbia,5/10/2019
48.6878,Expectations Index,British Columbia,5/17/2019
47.1269,Expectations Index,British Columbia,5/24/2019
46.4487,Expectations Index,British Columbia,5/31/2019
47.5274,Expectations Index,British Columbia,6/7/2019
44.2579,Expectations Index,British Columbia,6/14/2019
43.1895,Expectations Index,British Columbia,6/21/2019
46.4772,Expectations Index,British Columbia,6/28/2019
48.8855,Expectations Index,British Columbia,7/5/2019
50.8705,Expectations Index,British Columbia,7/12/2019
52.7299,Expectations Index,British Columbia,7/19/2019
52.3479,Expectations Index,British Columbia,7/26/2019
51.3797,Expectations Index,British Columbia,8/2/2019
50.164,Expectations Index,British Columbia,8/9/2019
50.7748,Expectations Index,British Columbia,8/16/2019
49.86,Expectations Index,British Columbia,8/23/2019
47.858,Expectations Index,British Columbia,8/30/2019
46.5927,Expectations Index,British Columbia,9/6/2019
46.8571,Expectations Index,British Columbia,9/13/2019
47.4868,Expectations Index,British Columbia,9/20/2019
50.8811,Expectations Index,British Columbia,9/27/2019
54.8634,Expectations Index,British Columbia,10/4/2019
54.37,Expectations Index,British Columbia,10/11/2019
53.4862,Expectations Index,British Columbia,10/18/2019
52.6946,Expectations Index,British Columbia,10/25/2019
50.4211,Expectations Index,British Columbia,11/1/2019
49.3954,Expectations Index,British Columbia,11/8/2019
48.8089,Expectations Index,British Columbia,11/15/2019
45.8415,Expectations Index,British Columbia,11/22/2019
47.5382,Expectations Index,British Columbia,11/29/2019
49.2823,Expectations Index,British Columbia,12/6/2019
48.7057,Expectations Index,British Columbia,12/13/2019
49.5662,Expectations Index,British Columbia,12/20/2019
52.5826,Expectations Index,British Columbia,12/27/2019
52.8905,Expectations Index,British Columbia,1/3/2020
54.2049,Expectations Index,British Columbia,1/10/2020
51.3588,Expectations Index,British Columbia,1/17/2020
52.4065,Expectations Index,British Columbia,1/24/2020
52.1381,Expectations Index,British Columbia,1/31/2020
54.7245,Expectations Index,British Columbia,2/7/2020
56.1901,Expectations Index,British Columbia,2/14/2020
51.2019,Expectations Index,British Columbia,2/21/2020
48.3593,Expectations Index,British Columbia,2/28/2020
46.7241,Expectations Index,British Columbia,3/6/2020
45.9574,Expectations Index,British Columbia,3/13/2020
40.6085,Expectations Index,British Columbia,3/20/2020
33.3819,Expectations Index,British Columbia,3/27/2020
29.5661,Expectations Index,British Columbia,4/3/2020
23.5348,Expectations Index,British Columbia,4/10/2020
22.0342,Expectations Index,British Columbia,4/17/2020
21.9151,Expectations Index,British Columbia,4/24/2020
21.47,Expectations Index,British Columbia,5/1/2020
25.29,Expectations Index,British Columbia,5/8/2020
24.01,Expectations Index,British Columbia,5/15/2020
27.63,Expectations Index,British Columbia,5/22/2020
26.97,Expectations Index,British Columbia,5/29/2020
28.97,Expectations Index,British Columbia,6/5/2020
33.25,Expectations Index,British Columbia,6/12/2020
36.26,Expectations Index,British Columbia,6/19/2020
38.87,Expectations Index,British Columbia,6/26/2020
38.91,Expectations Index,British Columbia,7/3/2020
39.29,Expectations Index,British Columbia,7/10/2020
40.65,Expectations Index,British Columbia,7/17/2020
41.53,Expectations Index,British Columbia,7/24/2020
43.01,Expectations Index,British Columbia,7/31/2020
44.63,Expectations Index,British Columbia,8/7/2020
46.66,Expectations Index,British Columbia,8/14/2020
48.92,Expectations Index,British Columbia,8/21/2020
48.4,Expectations Index,British Columbia,8/28/2020
47.61,Expectations Index,British Columbia,9/4/2020
48.09,Expectations Index,British Columbia,9/11/2020
49.51,Expectations Index,British Columbia,9/18/2020
52.72,Expectations Index,British Columbia,9/25/2020
52.75,Expectations Index,British Columbia,10/2/2020
52.82,Expectations Index,British Columbia,10/9/2020
48.92,Expectations Index,British Columbia,10/16/2020
49.23,Expectations Index,British Columbia,10/23/2020
50.68,Expectations Index,British Columbia,10/30/2020
50.17,Expectations Index,British Columbia,11/6/2020
51.79,Expectations Index,British Columbia,11/13/2020
54.79,Expectations Index,British Columbia,11/20/2020
46.8669,Expectations Index,Canada,6/30/2008
46.5186,Expectations Index,Canada,9/30/2008
31.3638,Expectations Index,Canada,12/31/2008
34.5727,Expectations Index,Canada,3/31/2009
51.9502,Expectations Index,Canada,6/30/2009
62.9681,Expectations Index,Canada,9/30/2009
68.7469,Expectations Index,Canada,12/31/2009
65.6482,Expectations Index,Canada,3/31/2010
62.9169,Expectations Index,Canada,6/30/2010
57.8292,Expectations Index,Canada,9/30/2010
56.4099,Expectations Index,Canada,12/31/2010
58.8545,Expectations Index,Canada,3/31/2011
57.5509,Expectations Index,Canada,6/30/2011
48.7984,Expectations Index,Canada,9/30/2011
52.9512,Expectations Index,Canada,12/31/2011
54.6764,Expectations Index,Canada,2/28/2012
57.2852,Expectations Index,Canada,3/31/2012
57.5002,Expectations Index,Canada,4/30/2012
57.1723,Expectations Index,Canada,5/31/2012
54.1566,Expectations Index,Canada,6/30/2012
52.8593,Expectations Index,Canada,7/31/2012
52.7221,Expectations Index,Canada,8/31/2012
55.3692,Expectations Index,Canada,9/30/2012
53.539,Expectations Index,Canada,10/31/2012
55.0039,Expectations Index,Canada,11/30/2012
55.6538,Expectations Index,Canada,12/31/2012
55.3712,Expectations Index,Canada,1/31/2013
52.8266,Expectations Index,Canada,2/28/2013
49.7805,Expectations Index,Canada,3/31/2013
47.0713,Expectations Index,Canada,4/30/2013
55.6777,Expectations Index,Canada,5/24/2013
56.3671,Expectations Index,Canada,5/31/2013
57.6132,Expectations Index,Canada,6/7/2013
57.5521,Expectations Index,Canada,6/14/2013
56.1918,Expectations Index,Canada,6/21/2013
56.7872,Expectations Index,Canada,6/28/2013
56.5839,Expectations Index,Canada,7/5/2013
56.445,Expectations Index,Canada,7/12/2013
55.974,Expectations Index,Canada,7/19/2013
56.1182,Expectations Index,Canada,7/26/2013
57.3066,Expectations Index,Canada,8/2/2013
57.4178,Expectations Index,Canada,8/9/2013
56.1638,Expectations Index,Canada,8/16/2013
55.7323,Expectations Index,Canada,8/23/2013
55.285,Expectations Index,Canada,8/30/2013
55.2747,Expectations Index,Canada,9/6/2013
57.0229,Expectations Index,Canada,9/13/2013
57.905,Expectations Index,Canada,9/20/2013
58.1288,Expectations Index,Canada,9/27/2013
57.3159,Expectations Index,Canada,10/4/2013
56.222,Expectations Index,Canada,10/11/2013
55.9831,Expectations Index,Canada,10/18/2013
56.6727,Expectations Index,Canada,10/25/2013
57.5112,Expectations Index,Canada,11/1/2013
57.2839,Expectations Index,Canada,11/8/2013
58.1586,Expectations Index,Canada,11/15/2013
57.6607,Expectations Index,Canada,11/22/2013
57.4618,Expectations Index,Canada,11/29/2013
57.7595,Expectations Index,Canada,12/6/2013
56.2343,Expectations Index,Canada,12/13/2013
55.938,Expectations Index,Canada,12/20/2013
56.6247,Expectations Index,Canada,12/27/2013
57.6584,Expectations Index,Canada,1/3/2014
58.1374,Expectations Index,Canada,1/10/2014
57.7562,Expectations Index,Canada,1/17/2014
56.166,Expectations Index,Canada,1/24/2014
54.3998,Expectations Index,Canada,1/31/2014
53.4822,Expectations Index,Canada,2/7/2014
54.1615,Expectations Index,Canada,2/14/2014
55.0583,Expectations Index,Canada,2/21/2014
55.9394,Expectations Index,Canada,2/28/2014
56.3461,Expectations Index,Canada,3/7/2014
55.7593,Expectations Index,Canada,3/14/2014
55.455,Expectations Index,Canada,3/21/2014
56.0605,Expectations Index,Canada,3/28/2014
56.5425,Expectations Index,Canada,4/4/2014
58.4323,Expectations Index,Canada,4/11/2014
60.0474,Expectations Index,Canada,4/18/2014
59.9495,Expectations Index,Canada,4/25/2014
59.946,Expectations Index,Canada,5/2/2014
59.7347,Expectations Index,Canada,5/9/2014
58.9543,Expectations Index,Canada,5/16/2014
59.1605,Expectations Index,Canada,5/23/2014
59.7165,Expectations Index,Canada,5/30/2014
58.6708,Expectations Index,Canada,6/6/2014
58.1136,Expectations Index,Canada,6/13/2014
58.1519,Expectations Index,Canada,6/20/2014
58.7245,Expectations Index,Canada,6/27/2014
59.7233,Expectations Index,Canada,7/4/2014
60.6861,Expectations Index,Canada,7/11/2014
60.3884,Expectations Index,Canada,7/18/2014
59.2662,Expectations Index,Canada,7/25/2014
58.0636,Expectations Index,Canada,8/1/2014
57.2473,Expectations Index,Canada,8/8/2014
57.3592,Expectations Index,Canada,8/15/2014
57.4157,Expectations Index,Canada,8/22/2014
57.5276,Expectations Index,Canada,8/29/2014
57.3835,Expectations Index,Canada,9/5/2014
57.8303,Expectations Index,Canada,9/12/2014
58.48,Expectations Index,Canada,9/19/2014
59.1857,Expectations Index,Canada,9/26/2014
58.7116,Expectations Index,Canada,10/3/2014
57.1269,Expectations Index,Canada,10/10/2014
55.7763,Expectations Index,Canada,10/17/2014
54.5318,Expectations Index,Canada,10/24/2014
54.7107,Expectations Index,Canada,10/31/2014
54.8852,Expectations Index,Canada,11/7/2014
54.8241,Expectations Index,Canada,11/14/2014
54.6972,Expectations Index,Canada,11/21/2014
55.2701,Expectations Index,Canada,11/28/2014
54.3621,Expectations Index,Canada,12/5/2014
53.5737,Expectations Index,Canada,12/12/2014
51.5948,Expectations Index,Canada,12/19/2014
49.9429,Expectations Index,Canada,12/26/2014
50.3506,Expectations Index,Canada,1/2/2015
50.5216,Expectations Index,Canada,1/9/2015
51.1131,Expectations Index,Canada,1/16/2015
49.254,Expectations Index,Canada,1/23/2015
47.1916,Expectations Index,Canada,1/30/2015
45.8731,Expectations Index,Canada,2/6/2015
45.2106,Expectations Index,Canada,2/13/2015
45.7795,Expectations Index,Canada,2/20/2015
45.9999,Expectations Index,Canada,2/27/2015
46.8222,Expectations Index,Canada,3/6/2015
48.1879,Expectations Index,Canada,3/13/2015
49.1591,Expectations Index,Canada,3/20/2015
50.3693,Expectations Index,Canada,3/27/2015
50.1277,Expectations Index,Canada,4/3/2015
50.1687,Expectations Index,Canada,4/10/2015
50.708,Expectations Index,Canada,4/17/2015
51.1734,Expectations Index,Canada,4/24/2015
51.8005,Expectations Index,Canada,5/1/2015
52.3091,Expectations Index,Canada,5/8/2015
51.8229,Expectations Index,Canada,5/15/2015
52.2343,Expectations Index,Canada,5/22/2015
52.6636,Expectations Index,Canada,5/29/2015
52.3546,Expectations Index,Canada,6/5/2015
52.9266,Expectations Index,Canada,6/12/2015
53.346,Expectations Index,Canada,6/19/2015
53.0147,Expectations Index,Canada,6/26/2015
52.9279,Expectations Index,Canada,7/3/2015
51.8425,Expectations Index,Canada,7/10/2015
50.1124,Expectations Index,Canada,7/17/2015
47.8389,Expectations Index,Canada,7/24/2015
45.873,Expectations Index,Canada,7/31/2015
45.5853,Expectations Index,Canada,8/7/2015
45.594,Expectations Index,Canada,8/14/2015
46.9904,Expectations Index,Canada,8/21/2015
47.4223,Expectations Index,Canada,8/28/2015
47.1962,Expectations Index,Canada,9/4/2015
47.7573,Expectations Index,Canada,9/11/2015
47.899,Expectations Index,Canada,9/18/2015
50.0791,Expectations Index,Canada,9/25/2015
52.3539,Expectations Index,Canada,10/2/2015
53.1709,Expectations Index,Canada,10/9/2015
54.5901,Expectations Index,Canada,10/16/2015
56.2396,Expectations Index,Canada,10/23/2015
56.5331,Expectations Index,Canada,10/30/2015
57.1123,Expectations Index,Canada,11/6/2015
57.5551,Expectations Index,Canada,11/13/2015
55.8287,Expectations Index,Canada,11/20/2015
54.3036,Expectations Index,Canada,11/27/2015
53.3043,Expectations Index,Canada,12/4/2015
51.0405,Expectations Index,Canada,12/11/2015
50.5831,Expectations Index,Canada,12/18/2015
50.0093,Expectations Index,Canada,12/25/2015
48.469,Expectations Index,Canada,1/1/2016
48.5563,Expectations Index,Canada,1/8/2016
47.0193,Expectations Index,Canada,1/15/2016
45.4526,Expectations Index,Canada,1/22/2016
46.1888,Expectations Index,Canada,1/29/2016
46.6188,Expectations Index,Canada,2/5/2016
46.803,Expectations Index,Canada,2/12/2016
49.4989,Expectations Index,Canada,2/19/2016
48.9247,Expectations Index,Canada,2/26/2016
48.9355,Expectations Index,Canada,3/4/2016
50.1804,Expectations Index,Canada,3/11/2016
50.3527,Expectations Index,Canada,3/18/2016
52.2833,Expectations Index,Canada,3/25/2016
53.225,Expectations Index,Canada,4/1/2016
53.2689,Expectations Index,Canada,4/8/2016
54.2089,Expectations Index,Canada,4/15/2016
53.8427,Expectations Index,Canada,4/22/2016
54.9601,Expectations Index,Canada,4/29/2016
56.9852,Expectations Index,Canada,5/6/2016
56.1457,Expectations Index,Canada,5/13/2016
56.8538,Expectations Index,Canada,5/20/2016
56.7825,Expectations Index,Canada,5/27/2016
56.4894,Expectations Index,Canada,6/3/2016
57.0168,Expectations Index,Canada,6/10/2016
57.49,Expectations Index,Canada,6/17/2016
57.6026,Expectations Index,Canada,6/24/2016
55.5299,Expectations Index,Canada,6/30/2016
55.5451,Expectations Index,Canada,7/8/2016
56.0184,Expectations Index,Canada,7/15/2016
56.2627,Expectations Index,Canada,7/22/2016
58.7372,Expectations Index,Canada,7/29/2016
59.5931,Expectations Index,Canada,8/5/2016
58.3718,Expectations Index,Canada,8/12/2016
58.7714,Expectations Index,Canada,8/19/2016
56.0421,Expectations Index,Canada,8/26/2016
54.654,Expectations Index,Canada,9/2/2016
53.9601,Expectations Index,Canada,9/9/2016
52.8394,Expectations Index,Canada,9/16/2016
54.3482,Expectations Index,Canada,9/23/2016
54.6778,Expectations Index,Canada,9/30/2016
55.4885,Expectations Index,Canada,10/7/2016
55.1588,Expectations Index,Canada,10/14/2016
54.1153,Expectations Index,Canada,10/21/2016
53.616,Expectations Index,Canada,10/28/2016
53.3617,Expectations Index,Canada,11/4/2016
52.9193,Expectations Index,Canada,11/11/2016
53.1982,Expectations Index,Canada,11/18/2016
52.5453,Expectations Index,Canada,11/25/2016
52.2121,Expectations Index,Canada,12/2/2016
53.2405,Expectations Index,Canada,12/9/2016
53.7193,Expectations Index,Canada,12/16/2016
54.0535,Expectations Index,Canada,12/23/2016
54.3482,Expectations Index,Canada,12/30/2016
53.4744,Expectations Index,Canada,1/6/2017
52.7198,Expectations Index,Canada,1/13/2017
53.4736,Expectations Index,Canada,1/20/2017
53.05,Expectations Index,Canada,1/27/2017
55.5643,Expectations Index,Canada,2/3/2017
55.4407,Expectations Index,Canada,2/10/2017
56.5233,Expectations Index,Canada,2/17/2017
57.4411,Expectations Index,Canada,2/24/2017
55.9948,Expectations Index,Canada,3/3/2017
57.3951,Expectations Index,Canada,3/10/2017
58.4458,Expectations Index,Canada,3/17/2017
57.3955,Expectations Index,Canada,3/24/2017
58.0809,Expectations Index,Canada,3/31/2017
58.4738,Expectations Index,Canada,4/7/2017
58.6975,Expectations Index,Canada,4/13/2017
59.5839,Expectations Index,Canada,4/21/2017
59.901,Expectations Index,Canada,4/28/2017
59.0732,Expectations Index,Canada,5/5/2017
57.6643,Expectations Index,Canada,5/12/2017
56.9515,Expectations Index,Canada,5/19/2017
57.2724,Expectations Index,Canada,5/26/2017
56.5362,Expectations Index,Canada,6/2/2017
56.1212,Expectations Index,Canada,6/9/2017
56.1521,Expectations Index,Canada,6/16/2017
56.1708,Expectations Index,Canada,6/23/2017
57.0452,Expectations Index,Canada,6/30/2017
56.599,Expectations Index,Canada,7/7/2017
56.6917,Expectations Index,Canada,7/14/2017
57.0482,Expectations Index,Canada,7/21/2017
57.8838,Expectations Index,Canada,7/28/2017
58.9344,Expectations Index,Canada,8/4/2017
59.59,Expectations Index,Canada,8/11/2017
58.7848,Expectations Index,Canada,8/18/2017
57.4484,Expectations Index,Canada,8/25/2017
56.9993,Expectations Index,Canada,9/1/2017
56.5427,Expectations Index,Canada,9/8/2017
57.3813,Expectations Index,Canada,9/15/2017
57.5746,Expectations Index,Canada,9/22/2017
56.7417,Expectations Index,Canada,9/29/2017
57.188,Expectations Index,Canada,10/6/2017
55.5835,Expectations Index,Canada,10/13/2017
54.467,Expectations Index,Canada,10/20/2017
54.172,Expectations Index,Canada,10/27/2017
54.1864,Expectations Index,Canada,11/3/2017
56.0892,Expectations Index,Canada,11/10/2017
57.4669,Expectations Index,Canada,11/17/2017
56.4608,Expectations Index,Canada,11/24/2017
57.4421,Expectations Index,Canada,12/1/2017
58.0223,Expectations Index,Canada,12/8/2017
58.6551,Expectations Index,Canada,12/15/2017
60.3106,Expectations Index,Canada,12/22/2017
60.954,Expectations Index,Canada,12/29/2017
60.0204,Expectations Index,Canada,1/5/2018
60.0144,Expectations Index,Canada,1/12/2018
58.8297,Expectations Index,Canada,1/19/2018
57.5188,Expectations Index,Canada,1/26/2018
58.4463,Expectations Index,Canada,2/2/2018
56.9666,Expectations Index,Canada,2/9/2018
56.7839,Expectations Index,Canada,2/16/2018
56.8219,Expectations Index,Canada,2/23/2018
55.2542,Expectations Index,Canada,3/2/2018
54.0257,Expectations Index,Canada,3/9/2018
53.8755,Expectations Index,Canada,3/16/2018
53.2273,Expectations Index,Canada,3/23/2018
54.2732,Expectations Index,Canada,3/29/2018
55.16,Expectations Index,Canada,4/6/2018
55.2466,Expectations Index,Canada,4/13/2018
55.3759,Expectations Index,Canada,4/20/2018
55.5778,Expectations Index,Canada,4/27/2018
55.767,Expectations Index,Canada,5/4/2018
55.6048,Expectations Index,Canada,5/11/2018
55.808,Expectations Index,Canada,5/18/2018
55.0848,Expectations Index,Canada,5/25/2018
55.3142,Expectations Index,Canada,6/1/2018
54.0141,Expectations Index,Canada,6/8/2018
53.1994,Expectations Index,Canada,6/15/2018
50.875,Expectations Index,Canada,6/22/2018
50.0758,Expectations Index,Canada,6/29/2018
49.6618,Expectations Index,Canada,7/6/2018
48.3633,Expectations Index,Canada,7/13/2018
48.0839,Expectations Index,Canada,7/20/2018
48.7664,Expectations Index,Canada,7/27/2018
49.7666,Expectations Index,Canada,8/3/2018
51.2998,Expectations Index,Canada,8/10/2018
52.326,Expectations Index,Canada,8/17/2018
51.8406,Expectations Index,Canada,8/24/2018
51.5534,Expectations Index,Canada,8/31/2018
50.337,Expectations Index,Canada,9/7/2018
48.7712,Expectations Index,Canada,9/14/2018
49.8587,Expectations Index,Canada,9/21/2018
49.6045,Expectations Index,Canada,9/28/2018
51.1331,Expectations Index,Canada,10/5/2018
52.4526,Expectations Index,Canada,10/12/2018
54.0091,Expectations Index,Canada,10/19/2018
54.7066,Expectations Index,Canada,10/26/2018
54.6489,Expectations Index,Canada,11/2/2018
54.597,Expectations Index,Canada,11/9/2018
53.3598,Expectations Index,Canada,11/16/2018
50.6615,Expectations Index,Canada,11/23/2018
48.424,Expectations Index,Canada,11/30/2018
47.8118,Expectations Index,Canada,12/7/2018
48.6034,Expectations Index,Canada,12/14/2018
49.0971,Expectations Index,Canada,12/21/2018
49.5395,Expectations Index,Canada,12/28/2018
50.4793,Expectations Index,Canada,1/4/2019
49.5133,Expectations Index,Canada,1/11/2019
49.5238,Expectations Index,Canada,1/18/2019
49.7561,Expectations Index,Canada,1/25/2019
50.1235,Expectations Index,Canada,2/1/2019
49.5707,Expectations Index,Canada,2/8/2019
49.8325,Expectations Index,Canada,2/15/2019
49.7026,Expectations Index,Canada,2/22/2019
49.6017,Expectations Index,Canada,3/1/2019
50.542,Expectations Index,Canada,3/8/2019
50.1041,Expectations Index,Canada,3/15/2019
49.9423,Expectations Index,Canada,3/22/2019
49.928,Expectations Index,Canada,3/29/2019
49.338,Expectations Index,Canada,4/5/2019
49.6464,Expectations Index,Canada,4/12/2019
48.7681,Expectations Index,Canada,4/19/2019
49.5037,Expectations Index,Canada,4/26/2019
50.1564,Expectations Index,Canada,5/3/2019
50.8434,Expectations Index,Canada,5/10/2019
52.1218,Expectations Index,Canada,5/17/2019
52.147,Expectations Index,Canada,5/24/2019
52.8446,Expectations Index,Canada,5/31/2019
53.7101,Expectations Index,Canada,6/7/2019
54.0122,Expectations Index,Canada,6/14/2019
54.7422,Expectations Index,Canada,6/21/2019
55.2853,Expectations Index,Canada,6/28/2019
55.8118,Expectations Index,Canada,7/5/2019
56.3353,Expectations Index,Canada,7/12/2019
55.776,Expectations Index,Canada,7/19/2019
55.3065,Expectations Index,Canada,7/26/2019
55.4305,Expectations Index,Canada,8/2/2019
54.7737,Expectations Index,Canada,8/9/2019
54.0527,Expectations Index,Canada,8/16/2019
53.3181,Expectations Index,Canada,8/23/2019
52.4596,Expectations Index,Canada,8/30/2019
52.035,Expectations Index,Canada,9/6/2019
52.389,Expectations Index,Canada,9/13/2019
53.8302,Expectations Index,Canada,9/20/2019
55.1232,Expectations Index,Canada,9/27/2019
56.0992,Expectations Index,Canada,10/4/2019
55.8435,Expectations Index,Canada,10/11/2019
55.5099,Expectations Index,Canada,10/18/2019
55.0853,Expectations Index,Canada,10/25/2019
54.5752,Expectations Index,Canada,11/1/2019
54.2133,Expectations Index,Canada,11/8/2019
53.3526,Expectations Index,Canada,11/15/2019
52.4153,Expectations Index,Canada,11/22/2019
51.9724,Expectations Index,Canada,11/29/2019
52.8424,Expectations Index,Canada,12/6/2019
52.2855,Expectations Index,Canada,12/13/2019
53.5891,Expectations Index,Canada,12/20/2019
53.6848,Expectations Index,Canada,12/27/2019
53.2179,Expectations Index,Canada,1/3/2020
54.053,Expectations Index,Canada,1/10/2020
52.9751,Expectations Index,Canada,1/17/2020
54.3944,Expectations Index,Canada,1/24/2020
54.6585,Expectations Index,Canada,1/31/2020
54.6987,Expectations Index,Canada,2/7/2020
55.6125,Expectations Index,Canada,2/14/2020
54.5553,Expectations Index,Canada,2/21/2020
53.4829,Expectations Index,Canada,2/28/2020
52.1781,Expectations Index,Canada,3/6/2020
49.7603,Expectations Index,Canada,3/13/2020
43.959,Expectations Index,Canada,3/20/2020
36.5043,Expectations Index,Canada,3/27/2020
30.4699,Expectations Index,Canada,4/3/2020
25.3034,Expectations Index,Canada,4/10/2020
23.5679,Expectations Index,Canada,4/17/2020
24.1619,Expectations Index,Canada,4/24/2020
24.9,Expectations Index,Canada,5/1/2020
26,Expectations Index,Canada,5/8/2020
25.57,Expectations Index,Canada,5/15/2020
25.47,Expectations Index,Canada,5/22/2020
25.6,Expectations Index,Canada,5/29/2020
28.12,Expectations Index,Canada,6/5/2020
32.13,Expectations Index,Canada,6/12/2020
36.93,Expectations Index,Canada,6/19/2020
37.86,Expectations Index,Canada,6/26/2020
38.59,Expectations Index,Canada,7/3/2020
38.88,Expectations Index,Canada,7/10/2020
39.77,Expectations Index,Canada,7/17/2020
42.76,Expectations Index,Canada,7/24/2020
45.04,Expectations Index,Canada,7/31/2020
46.56,Expectations Index,Canada,8/7/2020
48.49,Expectations Index,Canada,8/14/2020
49.57,Expectations Index,Canada,8/21/2020
49.33,Expectations Index,Canada,8/28/2020
48.93,Expectations Index,Canada,9/4/2020
48.82,Expectations Index,Canada,9/11/2020
49.31,Expectations Index,Canada,9/18/2020
49.14,Expectations Index,Canada,9/25/2020
48.89,Expectations Index,Canada,10/2/2020
47.92,Expectations Index,Canada,10/9/2020
46.81,Expectations Index,Canada,10/16/2020
46.65,Expectations Index,Canada,10/23/2020
47.11,Expectations Index,Canada,10/30/2020
46.8,Expectations Index,Canada,11/6/2020
47.47,Expectations Index,Canada,11/13/2020
48.87,Expectations Index,Canada,11/20/2020
42.542,Expectations Index,Ontario,6/30/2008
43.3057,Expectations Index,Ontario,9/30/2008
29.5083,Expectations Index,Ontario,12/31/2008
34.1527,Expectations Index,Ontario,3/31/2009
56.012,Expectations Index,Ontario,6/30/2009
62.8251,Expectations Index,Ontario,9/30/2009
71.5002,Expectations Index,Ontario,12/31/2009
65.3139,Expectations Index,Ontario,3/31/2010
61.3586,Expectations Index,Ontario,6/30/2010
54.6981,Expectations Index,Ontario,9/30/2010
56.6973,Expectations Index,Ontario,12/31/2010
56.058,Expectations Index,Ontario,3/31/2011
57.2966,Expectations Index,Ontario,6/30/2011
47.5455,Expectations Index,Ontario,9/30/2011
52.5956,Expectations Index,Ontario,12/31/2011
55.9632,Expectations Index,Ontario,2/28/2012
57.1987,Expectations Index,Ontario,3/31/2012
57.6073,Expectations Index,Ontario,4/30/2012
59.9618,Expectations Index,Ontario,5/31/2012
55.0933,Expectations Index,Ontario,6/30/2012
51.1489,Expectations Index,Ontario,7/31/2012
49.3054,Expectations Index,Ontario,8/31/2012
58.0435,Expectations Index,Ontario,9/30/2012
54.8096,Expectations Index,Ontario,10/31/2012
56.8096,Expectations Index,Ontario,11/30/2012
58.2435,Expectations Index,Ontario,12/31/2012
58.6807,Expectations Index,Ontario,1/31/2013
53.5466,Expectations Index,Ontario,2/28/2013
49.9095,Expectations Index,Ontario,3/31/2013
50.4591,Expectations Index,Ontario,4/30/2013
55.976,Expectations Index,Ontario,5/24/2013
58.1513,Expectations Index,Ontario,5/31/2013
60.6363,Expectations Index,Ontario,6/7/2013
60.8584,Expectations Index,Ontario,6/14/2013
60.5201,Expectations Index,Ontario,6/21/2013
60.1054,Expectations Index,Ontario,6/28/2013
58.8623,Expectations Index,Ontario,7/5/2013
58.2505,Expectations Index,Ontario,7/12/2013
57.7513,Expectations Index,Ontario,7/19/2013
56.7977,Expectations Index,Ontario,7/26/2013
58.9167,Expectations Index,Ontario,8/2/2013
57.5063,Expectations Index,Ontario,8/9/2013
57.3854,Expectations Index,Ontario,8/16/2013
57.0637,Expectations Index,Ontario,8/23/2013
55.2192,Expectations Index,Ontario,8/30/2013
56.7931,Expectations Index,Ontario,9/6/2013
57.6408,Expectations Index,Ontario,9/13/2013
58.2655,Expectations Index,Ontario,9/20/2013
59.2892,Expectations Index,Ontario,9/27/2013
57.9727,Expectations Index,Ontario,10/4/2013
58.2863,Expectations Index,Ontario,10/11/2013
58.7435,Expectations Index,Ontario,10/18/2013
59.2471,Expectations Index,Ontario,10/25/2013
60.5159,Expectations Index,Ontario,11/1/2013
59.7649,Expectations Index,Ontario,11/8/2013
61.5007,Expectations Index,Ontario,11/15/2013
61.5705,Expectations Index,Ontario,11/22/2013
60.5006,Expectations Index,Ontario,11/29/2013
60.4082,Expectations Index,Ontario,12/6/2013
58.0257,Expectations Index,Ontario,12/13/2013
57.3692,Expectations Index,Ontario,12/20/2013
59.0325,Expectations Index,Ontario,12/27/2013
60.3891,Expectations Index,Ontario,1/3/2014
61.0496,Expectations Index,Ontario,1/10/2014
60.4132,Expectations Index,Ontario,1/17/2014
58.4969,Expectations Index,Ontario,1/24/2014
56.8274,Expectations Index,Ontario,1/31/2014
55.1679,Expectations Index,Ontario,2/7/2014
56.1984,Expectations Index,Ontario,2/14/2014
56.4905,Expectations Index,Ontario,2/21/2014
58.238,Expectations Index,Ontario,2/28/2014
59.0219,Expectations Index,Ontario,3/7/2014
58.7704,Expectations Index,Ontario,3/14/2014
59.0924,Expectations Index,Ontario,3/21/2014
57.9039,Expectations Index,Ontario,3/28/2014
58.7926,Expectations Index,Ontario,4/4/2014
59.8377,Expectations Index,Ontario,4/11/2014
62.5224,Expectations Index,Ontario,4/18/2014
63.088,Expectations Index,Ontario,4/25/2014
63.0813,Expectations Index,Ontario,5/2/2014
62.6782,Expectations Index,Ontario,5/9/2014
60.761,Expectations Index,Ontario,5/16/2014
61.0449,Expectations Index,Ontario,5/23/2014
61.6645,Expectations Index,Ontario,5/30/2014
62.0675,Expectations Index,Ontario,6/6/2014
60.9074,Expectations Index,Ontario,6/13/2014
61.6551,Expectations Index,Ontario,6/20/2014
62.1359,Expectations Index,Ontario,6/27/2014
62.2747,Expectations Index,Ontario,7/4/2014
64.2721,Expectations Index,Ontario,7/11/2014
63.3596,Expectations Index,Ontario,7/18/2014
63.754,Expectations Index,Ontario,7/25/2014
62.0891,Expectations Index,Ontario,8/1/2014
61.3955,Expectations Index,Ontario,8/8/2014
61.2947,Expectations Index,Ontario,8/15/2014
60.0693,Expectations Index,Ontario,8/22/2014
60.3087,Expectations Index,Ontario,8/29/2014
61.6763,Expectations Index,Ontario,9/5/2014
62.6435,Expectations Index,Ontario,9/12/2014
64.9561,Expectations Index,Ontario,9/19/2014
66.565,Expectations Index,Ontario,9/26/2014
64.2527,Expectations Index,Ontario,10/3/2014
62.5189,Expectations Index,Ontario,10/10/2014
60.4855,Expectations Index,Ontario,10/17/2014
59.1907,Expectations Index,Ontario,10/24/2014
60.2665,Expectations Index,Ontario,10/31/2014
61.108,Expectations Index,Ontario,11/7/2014
59.2427,Expectations Index,Ontario,11/14/2014
59.9983,Expectations Index,Ontario,11/21/2014
59.6869,Expectations Index,Ontario,11/28/2014
59.4782,Expectations Index,Ontario,12/5/2014
59.046,Expectations Index,Ontario,12/12/2014
55.3209,Expectations Index,Ontario,12/19/2014
52.9696,Expectations Index,Ontario,12/26/2014
51.7327,Expectations Index,Ontario,1/2/2015
52.4912,Expectations Index,Ontario,1/9/2015
53.9852,Expectations Index,Ontario,1/16/2015
53.9849,Expectations Index,Ontario,1/23/2015
52.7106,Expectations Index,Ontario,1/30/2015
51.6715,Expectations Index,Ontario,2/6/2015
50.8706,Expectations Index,Ontario,2/13/2015
52.8345,Expectations Index,Ontario,2/20/2015
52.9008,Expectations Index,Ontario,2/27/2015
55.2244,Expectations Index,Ontario,3/6/2015
56.8547,Expectations Index,Ontario,3/13/2015
55.8291,Expectations Index,Ontario,3/20/2015
57.4378,Expectations Index,Ontario,3/27/2015
55.115,Expectations Index,Ontario,4/3/2015
54.4167,Expectations Index,Ontario,4/10/2015
55.4528,Expectations Index,Ontario,4/17/2015
55.5277,Expectations Index,Ontario,4/24/2015
55.6766,Expectations Index,Ontario,5/1/2015
56.3211,Expectations Index,Ontario,5/8/2015
54.6375,Expectations Index,Ontario,5/15/2015
54.9649,Expectations Index,Ontario,5/22/2015
56.5287,Expectations Index,Ontario,5/29/2015
58.2996,Expectations Index,Ontario,6/5/2015
61.3689,Expectations Index,Ontario,6/12/2015
62.099,Expectations Index,Ontario,6/19/2015
60.8837,Expectations Index,Ontario,6/26/2015
58.7214,Expectations Index,Ontario,7/3/2015
54.4435,Expectations Index,Ontario,7/10/2015
53.6424,Expectations Index,Ontario,7/17/2015
51.3367,Expectations Index,Ontario,7/24/2015
49.3246,Expectations Index,Ontario,7/31/2015
50.9149,Expectations Index,Ontario,8/7/2015
50.9788,Expectations Index,Ontario,8/14/2015
52.5399,Expectations Index,Ontario,8/21/2015
53.2373,Expectations Index,Ontario,8/28/2015
52.5023,Expectations Index,Ontario,9/4/2015
52.1633,Expectations Index,Ontario,9/11/2015
52.157,Expectations Index,Ontario,9/18/2015
54.2323,Expectations Index,Ontario,9/25/2015
58.0134,Expectations Index,Ontario,10/2/2015
58.3281,Expectations Index,Ontario,10/9/2015
59.6942,Expectations Index,Ontario,10/16/2015
61.4278,Expectations Index,Ontario,10/23/2015
59.4447,Expectations Index,Ontario,10/30/2015
60.3316,Expectations Index,Ontario,11/6/2015
61.5162,Expectations Index,Ontario,11/13/2015
59.9104,Expectations Index,Ontario,11/20/2015
59.1132,Expectations Index,Ontario,11/27/2015
58.3188,Expectations Index,Ontario,12/4/2015
56.7568,Expectations Index,Ontario,12/11/2015
56.4719,Expectations Index,Ontario,12/18/2015
55.7722,Expectations Index,Ontario,12/25/2015
52.8915,Expectations Index,Ontario,1/1/2016
52.2943,Expectations Index,Ontario,1/8/2016
50.9578,Expectations Index,Ontario,1/15/2016
50.551,Expectations Index,Ontario,1/22/2016
54.0089,Expectations Index,Ontario,1/29/2016
54.7204,Expectations Index,Ontario,2/5/2016
55.2545,Expectations Index,Ontario,2/12/2016
57.9893,Expectations Index,Ontario,2/19/2016
56.1632,Expectations Index,Ontario,2/26/2016
56.6273,Expectations Index,Ontario,3/4/2016
58.3059,Expectations Index,Ontario,3/11/2016
58.4952,Expectations Index,Ontario,3/18/2016
59.4069,Expectations Index,Ontario,3/25/2016
60.1903,Expectations Index,Ontario,4/1/2016
59.9937,Expectations Index,Ontario,4/8/2016
60.72,Expectations Index,Ontario,4/15/2016
62.5384,Expectations Index,Ontario,4/22/2016
64.1357,Expectations Index,Ontario,4/29/2016
64.9048,Expectations Index,Ontario,5/6/2016
64.1173,Expectations Index,Ontario,5/13/2016
62.7995,Expectations Index,Ontario,5/20/2016
61.9887,Expectations Index,Ontario,5/27/2016
62.0396,Expectations Index,Ontario,6/3/2016
61.3292,Expectations Index,Ontario,6/10/2016
62.3864,Expectations Index,Ontario,6/17/2016
62.6148,Expectations Index,Ontario,6/24/2016
60.8658,Expectations Index,Ontario,6/30/2016
61.8289,Expectations Index,Ontario,7/8/2016
62.3304,Expectations Index,Ontario,7/15/2016
62.3607,Expectations Index,Ontario,7/22/2016
64.3378,Expectations Index,Ontario,7/29/2016
64.6618,Expectations Index,Ontario,8/5/2016
63.4349,Expectations Index,Ontario,8/12/2016
62.3916,Expectations Index,Ontario,8/19/2016
59.2623,Expectations Index,Ontario,8/26/2016
57.6105,Expectations Index,Ontario,9/2/2016
57.4337,Expectations Index,Ontario,9/9/2016
58.1158,Expectations Index,Ontario,9/16/2016
60.694,Expectations Index,Ontario,9/23/2016
61.6029,Expectations Index,Ontario,9/30/2016
61.5374,Expectations Index,Ontario,10/7/2016
61.3358,Expectations Index,Ontario,10/14/2016
62.0075,Expectations Index,Ontario,10/21/2016
61.9333,Expectations Index,Ontario,10/28/2016
62.8032,Expectations Index,Ontario,11/4/2016
63.1169,Expectations Index,Ontario,11/11/2016
61.5138,Expectations Index,Ontario,11/18/2016
59.9608,Expectations Index,Ontario,11/25/2016
58.7236,Expectations Index,Ontario,12/2/2016
58.2595,Expectations Index,Ontario,12/9/2016
58.871,Expectations Index,Ontario,12/16/2016
59.4793,Expectations Index,Ontario,12/23/2016
60.2542,Expectations Index,Ontario,12/30/2016
60.4706,Expectations Index,Ontario,1/6/2017
59.6196,Expectations Index,Ontario,1/13/2017
59.7773,Expectations Index,Ontario,1/20/2017
59.1667,Expectations Index,Ontario,1/27/2017
62.2843,Expectations Index,Ontario,2/3/2017
61.3821,Expectations Index,Ontario,2/10/2017
61.3703,Expectations Index,Ontario,2/17/2017
61.4426,Expectations Index,Ontario,2/24/2017
59.5507,Expectations Index,Ontario,3/3/2017
62.4185,Expectations Index,Ontario,3/10/2017
64.7637,Expectations Index,Ontario,3/17/2017
64.2492,Expectations Index,Ontario,3/24/2017
65.4388,Expectations Index,Ontario,3/31/2017
64.2003,Expectations Index,Ontario,4/7/2017
62.8764,Expectations Index,Ontario,4/13/2017
65.6795,Expectations Index,Ontario,4/21/2017
66.6653,Expectations Index,Ontario,4/28/2017
65.3027,Expectations Index,Ontario,5/5/2017
65.2442,Expectations Index,Ontario,5/12/2017
61.1398,Expectations Index,Ontario,5/19/2017
60.1349,Expectations Index,Ontario,5/26/2017
57.9562,Expectations Index,Ontario,6/2/2017
55.8322,Expectations Index,Ontario,6/9/2017
56.745,Expectations Index,Ontario,6/16/2017
54.9441,Expectations Index,Ontario,6/23/2017
56.0343,Expectations Index,Ontario,6/30/2017
58.0088,Expectations Index,Ontario,7/7/2017
58.6718,Expectations Index,Ontario,7/14/2017
59.2999,Expectations Index,Ontario,7/21/2017
60.9563,Expectations Index,Ontario,7/28/2017
59.8948,Expectations Index,Ontario,8/4/2017
59.6439,Expectations Index,Ontario,8/11/2017
58.3609,Expectations Index,Ontario,8/18/2017
57.8561,Expectations Index,Ontario,8/25/2017
58.031,Expectations Index,Ontario,9/1/2017
55.5037,Expectations Index,Ontario,9/8/2017
56.6564,Expectations Index,Ontario,9/15/2017
56.0483,Expectations Index,Ontario,9/22/2017
55.3381,Expectations Index,Ontario,9/29/2017
56.5928,Expectations Index,Ontario,10/6/2017
54.7629,Expectations Index,Ontario,10/13/2017
52.7794,Expectations Index,Ontario,10/20/2017
54.4558,Expectations Index,Ontario,10/27/2017
55.7818,Expectations Index,Ontario,11/3/2017
58.4009,Expectations Index,Ontario,11/10/2017
60.1864,Expectations Index,Ontario,11/17/2017
57.5974,Expectations Index,Ontario,11/24/2017
55.8602,Expectations Index,Ontario,12/1/2017
54.823,Expectations Index,Ontario,12/8/2017
55.7895,Expectations Index,Ontario,12/15/2017
59.5467,Expectations Index,Ontario,12/22/2017
60.6906,Expectations Index,Ontario,12/29/2017
60.0694,Expectations Index,Ontario,1/5/2018
61.7623,Expectations Index,Ontario,1/12/2018
59.3101,Expectations Index,Ontario,1/19/2018
56.8469,Expectations Index,Ontario,1/26/2018
56.9075,Expectations Index,Ontario,2/2/2018
53.9936,Expectations Index,Ontario,2/9/2018
54.4713,Expectations Index,Ontario,2/16/2018
56.7153,Expectations Index,Ontario,2/23/2018
56.8261,Expectations Index,Ontario,3/2/2018
55.6058,Expectations Index,Ontario,3/9/2018
55.1585,Expectations Index,Ontario,3/16/2018
54.0057,Expectations Index,Ontario,3/23/2018
54.4009,Expectations Index,Ontario,3/29/2018
54.3678,Expectations Index,Ontario,4/6/2018
54.3412,Expectations Index,Ontario,4/13/2018
54.8947,Expectations Index,Ontario,4/20/2018
55.4916,Expectations Index,Ontario,4/27/2018
55.9793,Expectations Index,Ontario,5/4/2018
56.0127,Expectations Index,Ontario,5/11/2018
55.9842,Expectations Index,Ontario,5/18/2018
56.971,Expectations Index,Ontario,5/25/2018
57.6203,Expectations Index,Ontario,6/1/2018
56.1034,Expectations Index,Ontario,6/8/2018
56.0771,Expectations Index,Ontario,6/15/2018
51.9167,Expectations Index,Ontario,6/22/2018
51.2233,Expectations Index,Ontario,6/29/2018
51.4027,Expectations Index,Ontario,7/6/2018
49.7197,Expectations Index,Ontario,7/13/2018
49.6575,Expectations Index,Ontario,7/20/2018
50.9745,Expectations Index,Ontario,7/27/2018
51.6901,Expectations Index,Ontario,8/3/2018
52.6578,Expectations Index,Ontario,8/10/2018
54.4081,Expectations Index,Ontario,8/17/2018
53.9289,Expectations Index,Ontario,8/24/2018
54.8706,Expectations Index,Ontario,8/31/2018
54.13,Expectations Index,Ontario,9/7/2018
53.7432,Expectations Index,Ontario,9/14/2018
55.4271,Expectations Index,Ontario,9/21/2018
52.8924,Expectations Index,Ontario,9/28/2018
55.2791,Expectations Index,Ontario,10/5/2018
56.0381,Expectations Index,Ontario,10/12/2018
55.3513,Expectations Index,Ontario,10/19/2018
57.1769,Expectations Index,Ontario,10/26/2018
55.8495,Expectations Index,Ontario,11/2/2018
56.6231,Expectations Index,Ontario,11/9/2018
56.0275,Expectations Index,Ontario,11/16/2018
54.4275,Expectations Index,Ontario,11/23/2018
52.6914,Expectations Index,Ontario,11/30/2018
51.076,Expectations Index,Ontario,12/7/2018
54.9938,Expectations Index,Ontario,12/14/2018
52.3619,Expectations Index,Ontario,12/21/2018
52.4448,Expectations Index,Ontario,12/28/2018
53.4693,Expectations Index,Ontario,1/4/2019
50.6468,Expectations Index,Ontario,1/11/2019
51.0131,Expectations Index,Ontario,1/18/2019
51.3969,Expectations Index,Ontario,1/25/2019
51.5074,Expectations Index,Ontario,2/1/2019
51.5068,Expectations Index,Ontario,2/8/2019
53.2008,Expectations Index,Ontario,2/15/2019
52.8167,Expectations Index,Ontario,2/22/2019
52.3082,Expectations Index,Ontario,3/1/2019
52.7254,Expectations Index,Ontario,3/8/2019
52.0349,Expectations Index,Ontario,3/15/2019
52.164,Expectations Index,Ontario,3/22/2019
53.8111,Expectations Index,Ontario,3/29/2019
53.597,Expectations Index,Ontario,4/5/2019
54.3593,Expectations Index,Ontario,4/12/2019
53.8807,Expectations Index,Ontario,4/19/2019
54.1411,Expectations Index,Ontario,4/26/2019
55.1842,Expectations Index,Ontario,5/3/2019
56.3071,Expectations Index,Ontario,5/10/2019
55.4621,Expectations Index,Ontario,5/17/2019
55.5217,Expectations Index,Ontario,5/24/2019
56.0795,Expectations Index,Ontario,5/31/2019
57.3012,Expectations Index,Ontario,6/7/2019
58.8045,Expectations Index,Ontario,6/14/2019
59.573,Expectations Index,Ontario,6/21/2019
58.9933,Expectations Index,Ontario,6/28/2019
58.7118,Expectations Index,Ontario,7/5/2019
58.9474,Expectations Index,Ontario,7/12/2019
59.0703,Expectations Index,Ontario,7/19/2019
60.6084,Expectations Index,Ontario,7/26/2019
61.6263,Expectations Index,Ontario,8/2/2019
60.4983,Expectations Index,Ontario,8/9/2019
59.4423,Expectations Index,Ontario,8/16/2019
57.8661,Expectations Index,Ontario,8/23/2019
55.6292,Expectations Index,Ontario,8/30/2019
56.3318,Expectations Index,Ontario,9/6/2019
56.9017,Expectations Index,Ontario,9/13/2019
58.3138,Expectations Index,Ontario,9/20/2019
58.9415,Expectations Index,Ontario,9/27/2019
58.5399,Expectations Index,Ontario,10/4/2019
58.707,Expectations Index,Ontario,10/11/2019
58.5561,Expectations Index,Ontario,10/18/2019
59.7844,Expectations Index,Ontario,10/25/2019
60.4663,Expectations Index,Ontario,11/1/2019
59.9703,Expectations Index,Ontario,11/8/2019
60.457,Expectations Index,Ontario,11/15/2019
58.7813,Expectations Index,Ontario,11/22/2019
56.4708,Expectations Index,Ontario,11/29/2019
56.3372,Expectations Index,Ontario,12/6/2019
55.156,Expectations Index,Ontario,12/13/2019
57.2644,Expectations Index,Ontario,12/20/2019
58.5687,Expectations Index,Ontario,12/27/2019
59.2155,Expectations Index,Ontario,1/3/2020
59.2774,Expectations Index,Ontario,1/10/2020
59.1704,Expectations Index,Ontario,1/17/2020
60.6776,Expectations Index,Ontario,1/24/2020
60.1541,Expectations Index,Ontario,1/31/2020
61.1073,Expectations Index,Ontario,2/7/2020
60.8732,Expectations Index,Ontario,2/14/2020
59.7873,Expectations Index,Ontario,2/21/2020
60.7761,Expectations Index,Ontario,2/28/2020
60.6097,Expectations Index,Ontario,3/6/2020
57.3455,Expectations Index,Ontario,3/13/2020
50.8121,Expectations Index,Ontario,3/20/2020
43.4955,Expectations Index,Ontario,3/27/2020
36.0018,Expectations Index,Ontario,4/3/2020
30.5668,Expectations Index,Ontario,4/10/2020
27.9182,Expectations Index,Ontario,4/17/2020
27.7485,Expectations Index,Ontario,4/24/2020
28.02,Expectations Index,Ontario,5/1/2020
29.27,Expectations Index,Ontario,5/8/2020
29.53,Expectations Index,Ontario,5/15/2020
28.9,Expectations Index,Ontario,5/22/2020
29.96,Expectations Index,Ontario,5/29/2020
32.4,Expectations Index,Ontario,6/5/2020
36.99,Expectations Index,Ontario,6/12/2020
39.29,Expectations Index,Ontario,6/19/2020
38.68,Expectations Index,Ontario,6/26/2020
38.41,Expectations Index,Ontario,7/3/2020
39.83,Expectations Index,Ontario,7/10/2020
43.91,Expectations Index,Ontario,7/17/2020
47.57,Expectations Index,Ontario,7/24/2020
51.49,Expectations Index,Ontario,7/31/2020
52.31,Expectations Index,Ontario,8/7/2020
54.73,Expectations Index,Ontario,8/14/2020
55.1,Expectations Index,Ontario,8/21/2020
56.37,Expectations Index,Ontario,8/28/2020
53.68,Expectations Index,Ontario,9/4/2020
52.04,Expectations Index,Ontario,9/11/2020
53.11,Expectations Index,Ontario,9/18/2020
51.19,Expectations Index,Ontario,9/25/2020
52.29,Expectations Index,Ontario,10/2/2020
51.72,Expectations Index,Ontario,10/9/2020
49.9,Expectations Index,Ontario,10/16/2020
50.24,Expectations Index,Ontario,10/23/2020
51.02,Expectations Index,Ontario,10/30/2020
51.05,Expectations Index,Ontario,11/6/2020
53.63,Expectations Index,Ontario,11/13/2020
55.1,Expectations Index,Ontario,11/20/2020
49.6664,Expectations Index,Quebec,6/30/2008
47.0814,Expectations Index,Quebec,9/30/2008
32.2554,Expectations Index,Quebec,12/31/2008
33.8163,Expectations Index,Quebec,3/31/2009
45.1905,Expectations Index,Quebec,6/30/2009
59.0747,Expectations Index,Quebec,9/30/2009
63.3962,Expectations Index,Quebec,12/31/2009
62.2405,Expectations Index,Quebec,3/31/2010
64.809,Expectations Index,Quebec,6/30/2010
62.4164,Expectations Index,Quebec,9/30/2010
57.0549,Expectations Index,Quebec,12/31/2010
59.634,Expectations Index,Quebec,3/31/2011
56.8629,Expectations Index,Quebec,6/30/2011
51.8838,Expectations Index,Quebec,9/30/2011
51.2728,Expectations Index,Quebec,12/31/2011
52.9507,Expectations Index,Quebec,2/28/2012
53.1512,Expectations Index,Quebec,3/31/2012
52.5667,Expectations Index,Quebec,4/30/2012
54.5286,Expectations Index,Quebec,5/31/2012
53.7269,Expectations Index,Quebec,6/30/2012
53.1755,Expectations Index,Quebec,7/31/2012
53.8049,Expectations Index,Quebec,8/31/2012
51.2663,Expectations Index,Quebec,9/30/2012
49.9031,Expectations Index,Quebec,10/31/2012
51.8547,Expectations Index,Quebec,11/30/2012
55.7233,Expectations Index,Quebec,12/31/2012
52.8746,Expectations Index,Quebec,1/31/2013
49.4585,Expectations Index,Quebec,2/28/2013
48.6904,Expectations Index,Quebec,3/31/2013
45.5165,Expectations Index,Quebec,4/30/2013
54.1766,Expectations Index,Quebec,5/24/2013
54.1046,Expectations Index,Quebec,5/31/2013
55.5085,Expectations Index,Quebec,6/7/2013
54.8433,Expectations Index,Quebec,6/14/2013
52.5949,Expectations Index,Quebec,6/21/2013
54.1399,Expectations Index,Quebec,6/28/2013
51.0944,Expectations Index,Quebec,7/5/2013
51.0779,Expectations Index,Quebec,7/12/2013
50.8396,Expectations Index,Quebec,7/19/2013
51.3141,Expectations Index,Quebec,7/26/2013
53.0826,Expectations Index,Quebec,8/2/2013
54.4718,Expectations Index,Quebec,8/9/2013
52.7611,Expectations Index,Quebec,8/16/2013
51.6103,Expectations Index,Quebec,8/23/2013
52.5264,Expectations Index,Quebec,8/30/2013
50.4396,Expectations Index,Quebec,9/6/2013
51.9226,Expectations Index,Quebec,9/13/2013
53.4431,Expectations Index,Quebec,9/20/2013
52.6312,Expectations Index,Quebec,9/27/2013
52.9972,Expectations Index,Quebec,10/4/2013
52.5197,Expectations Index,Quebec,10/11/2013
51.872,Expectations Index,Quebec,10/18/2013
52.4272,Expectations Index,Quebec,10/25/2013
52.685,Expectations Index,Quebec,11/1/2013
52.7951,Expectations Index,Quebec,11/8/2013
53.3676,Expectations Index,Quebec,11/15/2013
51.9897,Expectations Index,Quebec,11/22/2013
51.9674,Expectations Index,Quebec,11/29/2013
51.1914,Expectations Index,Quebec,12/6/2013
50.7471,Expectations Index,Quebec,12/13/2013
51.4547,Expectations Index,Quebec,12/20/2013
51.6974,Expectations Index,Quebec,12/27/2013
53.9042,Expectations Index,Quebec,1/3/2014
52.6984,Expectations Index,Quebec,1/10/2014
52.8852,Expectations Index,Quebec,1/17/2014
51.2853,Expectations Index,Quebec,1/24/2014
48.7144,Expectations Index,Quebec,1/31/2014
49.6632,Expectations Index,Quebec,2/7/2014
50.7341,Expectations Index,Quebec,2/14/2014
51.61,Expectations Index,Quebec,2/21/2014
51.6183,Expectations Index,Quebec,2/28/2014
52.9222,Expectations Index,Quebec,3/7/2014
51.0607,Expectations Index,Quebec,3/14/2014
51.4941,Expectations Index,Quebec,3/21/2014
53.8645,Expectations Index,Quebec,3/28/2014
52.7012,Expectations Index,Quebec,4/4/2014
56.058,Expectations Index,Quebec,4/11/2014
57.6028,Expectations Index,Quebec,4/18/2014
56.0796,Expectations Index,Quebec,4/25/2014
56.7041,Expectations Index,Quebec,5/2/2014
53.5333,Expectations Index,Quebec,5/9/2014
52.1507,Expectations Index,Quebec,5/16/2014
52.1582,Expectations Index,Quebec,5/23/2014
52.5594,Expectations Index,Quebec,5/30/2014
54.7484,Expectations Index,Quebec,6/6/2014
54.5778,Expectations Index,Quebec,6/13/2014
54.8284,Expectations Index,Quebec,6/20/2014
53.7752,Expectations Index,Quebec,6/27/2014
53.1107,Expectations Index,Quebec,7/4/2014
54.7697,Expectations Index,Quebec,7/11/2014
54.8372,Expectations Index,Quebec,7/18/2014
54.0178,Expectations Index,Quebec,7/25/2014
53.5003,Expectations Index,Quebec,8/1/2014
52.2904,Expectations Index,Quebec,8/8/2014
51.952,Expectations Index,Quebec,8/15/2014
52.4237,Expectations Index,Quebec,8/22/2014
50.9866,Expectations Index,Quebec,8/29/2014
49.8151,Expectations Index,Quebec,9/5/2014
49.4444,Expectations Index,Quebec,9/12/2014
48.8546,Expectations Index,Quebec,9/19/2014
49.1316,Expectations Index,Quebec,9/26/2014
47.9623,Expectations Index,Quebec,10/3/2014
47.8267,Expectations Index,Quebec,10/10/2014
47.9655,Expectations Index,Quebec,10/17/2014
48.1287,Expectations Index,Quebec,10/24/2014
49.8083,Expectations Index,Quebec,10/31/2014
51.3781,Expectations Index,Quebec,11/7/2014
52.0001,Expectations Index,Quebec,11/14/2014
50.3065,Expectations Index,Quebec,11/21/2014
50.7632,Expectations Index,Quebec,11/28/2014
48.4261,Expectations Index,Quebec,12/5/2014
47.1584,Expectations Index,Quebec,12/12/2014
47.3628,Expectations Index,Quebec,12/19/2014
46.5618,Expectations Index,Quebec,12/26/2014
49.0751,Expectations Index,Quebec,1/2/2015
50.7665,Expectations Index,Quebec,1/9/2015
50.7786,Expectations Index,Quebec,1/16/2015
50.009,Expectations Index,Quebec,1/23/2015
48.2892,Expectations Index,Quebec,1/30/2015
46.2704,Expectations Index,Quebec,2/6/2015
46.8795,Expectations Index,Quebec,2/13/2015
46.7232,Expectations Index,Quebec,2/20/2015
45.5407,Expectations Index,Quebec,2/27/2015
46.4942,Expectations Index,Quebec,3/6/2015
47.3081,Expectations Index,Quebec,3/13/2015
47.4702,Expectations Index,Quebec,3/20/2015
48.5719,Expectations Index,Quebec,3/27/2015
48.7194,Expectations Index,Quebec,4/3/2015
49.4855,Expectations Index,Quebec,4/10/2015
50.5662,Expectations Index,Quebec,4/17/2015
51.7671,Expectations Index,Quebec,4/24/2015
52.6681,Expectations Index,Quebec,5/1/2015
51.793,Expectations Index,Quebec,5/8/2015
51.7281,Expectations Index,Quebec,5/15/2015
49.6145,Expectations Index,Quebec,5/22/2015
50.0885,Expectations Index,Quebec,5/29/2015
49.5352,Expectations Index,Quebec,6/5/2015
48.1543,Expectations Index,Quebec,6/12/2015
49.5254,Expectations Index,Quebec,6/19/2015
48.5056,Expectations Index,Quebec,6/26/2015
48.1438,Expectations Index,Quebec,7/3/2015
49.6464,Expectations Index,Quebec,7/10/2015
47.5036,Expectations Index,Quebec,7/17/2015
45.2955,Expectations Index,Quebec,7/24/2015
43.7979,Expectations Index,Quebec,7/31/2015
42.2946,Expectations Index,Quebec,8/7/2015
41.3833,Expectations Index,Quebec,8/14/2015
42.3549,Expectations Index,Quebec,8/21/2015
43.9666,Expectations Index,Quebec,8/28/2015
44.2755,Expectations Index,Quebec,9/4/2015
47.2675,Expectations Index,Quebec,9/11/2015
47.0707,Expectations Index,Quebec,9/18/2015
48.4627,Expectations Index,Quebec,9/25/2015
48.1809,Expectations Index,Quebec,10/2/2015
48.8249,Expectations Index,Quebec,10/9/2015
48.9646,Expectations Index,Quebec,10/16/2015
51.1655,Expectations Index,Quebec,10/23/2015
54.2388,Expectations Index,Quebec,10/30/2015
55.4904,Expectations Index,Quebec,11/6/2015
59.0486,Expectations Index,Quebec,11/13/2015
57.1405,Expectations Index,Quebec,11/20/2015
55.0996,Expectations Index,Quebec,11/27/2015
52.2772,Expectations Index,Quebec,12/4/2015
49.719,Expectations Index,Quebec,12/11/2015
50.9997,Expectations Index,Quebec,12/18/2015
50.3634,Expectations Index,Quebec,12/25/2015
51.5663,Expectations Index,Quebec,1/1/2016
52.8892,Expectations Index,Quebec,1/8/2016
49.5671,Expectations Index,Quebec,1/15/2016
47.5543,Expectations Index,Quebec,1/22/2016
45.1871,Expectations Index,Quebec,1/29/2016
43.8468,Expectations Index,Quebec,2/5/2016
43.1017,Expectations Index,Quebec,2/12/2016
46.3456,Expectations Index,Quebec,2/19/2016
48.7828,Expectations Index,Quebec,2/26/2016
48.4647,Expectations Index,Quebec,3/4/2016
50.7168,Expectations Index,Quebec,3/11/2016
49.6677,Expectations Index,Quebec,3/18/2016
51.2365,Expectations Index,Quebec,3/25/2016
53.5314,Expectations Index,Quebec,4/1/2016
52.504,Expectations Index,Quebec,4/8/2016
54.6916,Expectations Index,Quebec,4/15/2016
51.5723,Expectations Index,Quebec,4/22/2016
50.8379,Expectations Index,Quebec,4/29/2016
53.9133,Expectations Index,Quebec,5/6/2016
52.4929,Expectations Index,Quebec,5/13/2016
53.8859,Expectations Index,Quebec,5/20/2016
53.9235,Expectations Index,Quebec,5/27/2016
53.7556,Expectations Index,Quebec,6/3/2016
54.4399,Expectations Index,Quebec,6/10/2016
54.7419,Expectations Index,Quebec,6/17/2016
55.3025,Expectations Index,Quebec,6/24/2016
52.946,Expectations Index,Quebec,6/30/2016
52.5585,Expectations Index,Quebec,7/8/2016
54.1627,Expectations Index,Quebec,7/15/2016
54.7089,Expectations Index,Quebec,7/22/2016
57.7045,Expectations Index,Quebec,7/29/2016
58.3584,Expectations Index,Quebec,8/5/2016
57.7467,Expectations Index,Quebec,8/12/2016
57.6018,Expectations Index,Quebec,8/19/2016
56.2145,Expectations Index,Quebec,8/26/2016
56.2659,Expectations Index,Quebec,9/2/2016
55.51,Expectations Index,Quebec,9/9/2016
55.6295,Expectations Index,Quebec,9/16/2016
55.6945,Expectations Index,Quebec,9/23/2016
55.0648,Expectations Index,Quebec,9/30/2016
55.6267,Expectations Index,Quebec,10/7/2016
53.2653,Expectations Index,Quebec,10/14/2016
52.6167,Expectations Index,Quebec,10/21/2016
52.7657,Expectations Index,Quebec,10/28/2016
51.2896,Expectations Index,Quebec,11/4/2016
52.4051,Expectations Index,Quebec,11/11/2016
51.8805,Expectations Index,Quebec,11/18/2016
52.2808,Expectations Index,Quebec,11/25/2016
52.6658,Expectations Index,Quebec,12/2/2016
53.7415,Expectations Index,Quebec,12/9/2016
53.9492,Expectations Index,Quebec,12/16/2016
52.832,Expectations Index,Quebec,12/23/2016
52.9615,Expectations Index,Quebec,12/30/2016
51.4312,Expectations Index,Quebec,1/6/2017
51.0512,Expectations Index,Quebec,1/13/2017
52.044,Expectations Index,Quebec,1/20/2017
50.7056,Expectations Index,Quebec,1/27/2017
51.8957,Expectations Index,Quebec,2/3/2017
51.5271,Expectations Index,Quebec,2/10/2017
52.2502,Expectations Index,Quebec,2/17/2017
54.8274,Expectations Index,Quebec,2/24/2017
54.4566,Expectations Index,Quebec,3/3/2017
55.5551,Expectations Index,Quebec,3/10/2017
57.2259,Expectations Index,Quebec,3/17/2017
56.0316,Expectations Index,Quebec,3/24/2017
56.8036,Expectations Index,Quebec,3/31/2017
59.0903,Expectations Index,Quebec,4/7/2017
60.2239,Expectations Index,Quebec,4/13/2017
60.1124,Expectations Index,Quebec,4/21/2017
58.8355,Expectations Index,Quebec,4/28/2017
58.1122,Expectations Index,Quebec,5/5/2017
53.7305,Expectations Index,Quebec,5/12/2017
54.7726,Expectations Index,Quebec,5/19/2017
57.2513,Expectations Index,Quebec,5/26/2017
57.3959,Expectations Index,Quebec,6/2/2017
58.0864,Expectations Index,Quebec,6/9/2017
57.1972,Expectations Index,Quebec,6/16/2017
56.0225,Expectations Index,Quebec,6/23/2017
56.357,Expectations Index,Quebec,6/30/2017
55.9179,Expectations Index,Quebec,7/7/2017
55.4336,Expectations Index,Quebec,7/14/2017
55.9606,Expectations Index,Quebec,7/21/2017
56.6433,Expectations Index,Quebec,7/28/2017
57.5774,Expectations Index,Quebec,8/4/2017
58.1405,Expectations Index,Quebec,8/11/2017
57.3577,Expectations Index,Quebec,8/18/2017
56.0926,Expectations Index,Quebec,8/25/2017
55.2829,Expectations Index,Quebec,9/1/2017
57.5846,Expectations Index,Quebec,9/8/2017
58.5859,Expectations Index,Quebec,9/15/2017
60.2292,Expectations Index,Quebec,9/22/2017
61.2424,Expectations Index,Quebec,9/29/2017
60.5183,Expectations Index,Quebec,10/6/2017
59.5421,Expectations Index,Quebec,10/13/2017
56.9422,Expectations Index,Quebec,10/20/2017
54.4387,Expectations Index,Quebec,10/27/2017
54.8799,Expectations Index,Quebec,11/3/2017
56.2455,Expectations Index,Quebec,11/10/2017
58.8581,Expectations Index,Quebec,11/17/2017
58.2118,Expectations Index,Quebec,11/24/2017
59.8394,Expectations Index,Quebec,12/1/2017
61.8017,Expectations Index,Quebec,12/8/2017
60.733,Expectations Index,Quebec,12/15/2017
61.9863,Expectations Index,Quebec,12/22/2017
62.4618,Expectations Index,Quebec,12/29/2017
60.8066,Expectations Index,Quebec,1/5/2018
61.0861,Expectations Index,Quebec,1/12/2018
58.7323,Expectations Index,Quebec,1/19/2018
56.2536,Expectations Index,Quebec,1/26/2018
56.4606,Expectations Index,Quebec,2/2/2018
56.2527,Expectations Index,Quebec,2/9/2018
57.3027,Expectations Index,Quebec,2/16/2018
56.567,Expectations Index,Quebec,2/23/2018
55.1707,Expectations Index,Quebec,3/2/2018
54.8146,Expectations Index,Quebec,3/9/2018
56.5753,Expectations Index,Quebec,3/16/2018
57.3088,Expectations Index,Quebec,3/23/2018
60.2099,Expectations Index,Quebec,3/29/2018
61.2416,Expectations Index,Quebec,4/6/2018
61.0824,Expectations Index,Quebec,4/13/2018
60.8797,Expectations Index,Quebec,4/20/2018
60.4242,Expectations Index,Quebec,4/27/2018
60.527,Expectations Index,Quebec,5/4/2018
58.371,Expectations Index,Quebec,5/11/2018
57.7812,Expectations Index,Quebec,5/18/2018
55.3955,Expectations Index,Quebec,5/25/2018
54.4032,Expectations Index,Quebec,6/1/2018
54.3985,Expectations Index,Quebec,6/8/2018
53.8982,Expectations Index,Quebec,6/15/2018
52.621,Expectations Index,Quebec,6/22/2018
52.649,Expectations Index,Quebec,6/29/2018
52.5244,Expectations Index,Quebec,7/6/2018
52.245,Expectations Index,Quebec,7/13/2018
53.5159,Expectations Index,Quebec,7/20/2018
54.4192,Expectations Index,Quebec,7/27/2018
55.5485,Expectations Index,Quebec,8/3/2018
56.9941,Expectations Index,Quebec,8/10/2018
55.8628,Expectations Index,Quebec,8/17/2018
54.9446,Expectations Index,Quebec,8/24/2018
53.5977,Expectations Index,Quebec,8/31/2018
52.7198,Expectations Index,Quebec,9/7/2018
53.2698,Expectations Index,Quebec,9/14/2018
52.5539,Expectations Index,Quebec,9/21/2018
53.8069,Expectations Index,Quebec,9/28/2018
53.7102,Expectations Index,Quebec,10/5/2018
54.4691,Expectations Index,Quebec,10/12/2018
58.8326,Expectations Index,Quebec,10/19/2018
57.6004,Expectations Index,Quebec,10/26/2018
58.0584,Expectations Index,Quebec,11/2/2018
57.4644,Expectations Index,Quebec,11/9/2018
56.959,Expectations Index,Quebec,11/16/2018
54.3753,Expectations Index,Quebec,11/23/2018
54.0943,Expectations Index,Quebec,11/30/2018
55.0359,Expectations Index,Quebec,12/7/2018
55.4763,Expectations Index,Quebec,12/14/2018
59.9734,Expectations Index,Quebec,12/21/2018
59.6145,Expectations Index,Quebec,12/28/2018
59.6535,Expectations Index,Quebec,1/4/2019
59.4317,Expectations Index,Quebec,1/11/2019
59.2564,Expectations Index,Quebec,1/18/2019
59.3272,Expectations Index,Quebec,1/25/2019
59.7586,Expectations Index,Quebec,2/1/2019
59.07,Expectations Index,Quebec,2/8/2019
57.2341,Expectations Index,Quebec,2/15/2019
57.5221,Expectations Index,Quebec,2/22/2019
57.4963,Expectations Index,Quebec,3/1/2019
58.1782,Expectations Index,Quebec,3/8/2019
57.6417,Expectations Index,Quebec,3/15/2019
55.8072,Expectations Index,Quebec,3/22/2019
54.2239,Expectations Index,Quebec,3/29/2019
53.3571,Expectations Index,Quebec,4/5/2019
54.3253,Expectations Index,Quebec,4/12/2019
53.6687,Expectations Index,Quebec,4/19/2019
56.3201,Expectations Index,Quebec,4/26/2019
55.5448,Expectations Index,Quebec,5/3/2019
56.3045,Expectations Index,Quebec,5/10/2019
57.8759,Expectations Index,Quebec,5/17/2019
56.6087,Expectations Index,Quebec,5/24/2019
57.3303,Expectations Index,Quebec,5/31/2019
59.0361,Expectations Index,Quebec,6/7/2019
58.818,Expectations Index,Quebec,6/14/2019
60.9916,Expectations Index,Quebec,6/21/2019
61.3944,Expectations Index,Quebec,6/28/2019
61.7274,Expectations Index,Quebec,7/5/2019
62.9526,Expectations Index,Quebec,7/12/2019
60.2483,Expectations Index,Quebec,7/19/2019
59.3437,Expectations Index,Quebec,7/26/2019
58.4707,Expectations Index,Quebec,8/2/2019
58.9802,Expectations Index,Quebec,8/9/2019
59.1919,Expectations Index,Quebec,8/16/2019
59.5777,Expectations Index,Quebec,8/23/2019
59.7824,Expectations Index,Quebec,8/30/2019
59.614,Expectations Index,Quebec,9/6/2019
58.9187,Expectations Index,Quebec,9/13/2019
59.8227,Expectations Index,Quebec,9/20/2019
59.0425,Expectations Index,Quebec,9/27/2019
58.8184,Expectations Index,Quebec,10/4/2019
58.6456,Expectations Index,Quebec,10/11/2019
58.8871,Expectations Index,Quebec,10/18/2019
58.9716,Expectations Index,Quebec,10/25/2019
58.839,Expectations Index,Quebec,11/1/2019
60.5081,Expectations Index,Quebec,11/8/2019
60.8807,Expectations Index,Quebec,11/15/2019
61.3554,Expectations Index,Quebec,11/22/2019
61.2744,Expectations Index,Quebec,11/29/2019
62.2692,Expectations Index,Quebec,12/6/2019
61.2989,Expectations Index,Quebec,12/13/2019
61.619,Expectations Index,Quebec,12/20/2019
61.2217,Expectations Index,Quebec,12/27/2019
59.8874,Expectations Index,Quebec,1/3/2020
60.7796,Expectations Index,Quebec,1/10/2020
60.1878,Expectations Index,Quebec,1/17/2020
60.6506,Expectations Index,Quebec,1/24/2020
60.9417,Expectations Index,Quebec,1/31/2020
60.7392,Expectations Index,Quebec,2/7/2020
63.1952,Expectations Index,Quebec,2/14/2020
62.7067,Expectations Index,Quebec,2/21/2020
62.1209,Expectations Index,Quebec,2/28/2020
59.6696,Expectations Index,Quebec,3/6/2020
55.507,Expectations Index,Quebec,3/13/2020
50.4316,Expectations Index,Quebec,3/20/2020
40.7612,Expectations Index,Quebec,3/27/2020
32.5273,Expectations Index,Quebec,4/3/2020
28.636,Expectations Index,Quebec,4/10/2020
26.621,Expectations Index,Quebec,4/17/2020
27.8621,Expectations Index,Quebec,4/24/2020
29.57,Expectations Index,Quebec,5/1/2020
26.69,Expectations Index,Quebec,5/8/2020
25.55,Expectations Index,Quebec,5/15/2020
24.16,Expectations Index,Quebec,5/22/2020
24.34,Expectations Index,Quebec,5/29/2020
27.13,Expectations Index,Quebec,6/5/2020
30.36,Expectations Index,Quebec,6/12/2020
39.37,Expectations Index,Quebec,6/19/2020
38.91,Expectations Index,Quebec,6/26/2020
41.52,Expectations Index,Quebec,7/3/2020
40.43,Expectations Index,Quebec,7/10/2020
40.58,Expectations Index,Quebec,7/17/2020
45.09,Expectations Index,Quebec,7/24/2020
46.48,Expectations Index,Quebec,7/31/2020
49.47,Expectations Index,Quebec,8/7/2020
50.23,Expectations Index,Quebec,8/14/2020
51.79,Expectations Index,Quebec,8/21/2020
51.37,Expectations Index,Quebec,8/28/2020
52.28,Expectations Index,Quebec,9/4/2020
54.2,Expectations Index,Quebec,9/11/2020
51.82,Expectations Index,Quebec,9/18/2020
49.56,Expectations Index,Quebec,9/25/2020
48.54,Expectations Index,Quebec,10/2/2020
44.74,Expectations Index,Quebec,10/9/2020
45.16,Expectations Index,Quebec,10/16/2020
47.11,Expectations Index,Quebec,10/23/2020
47.35,Expectations Index,Quebec,10/30/2020
48.01,Expectations Index,Quebec,11/6/2020
46.12,Expectations Index,Quebec,11/13/2020
46.65,Expectations Index,Quebec,11/20/2020
