Bnccpbk,Calculation1,Category,Date
60.0091,Pocketbook Index,British Columbia,6/30/2008
58.3882,Pocketbook Index,British Columbia,9/30/2008
57.5659,Pocketbook Index,British Columbia,12/31/2008
49.3124,Pocketbook Index,British Columbia,3/31/2009
55.0762,Pocketbook Index,British Columbia,6/30/2009
56.3508,Pocketbook Index,British Columbia,9/30/2009
55.1332,Pocketbook Index,British Columbia,12/31/2009
56.3107,Pocketbook Index,British Columbia,3/31/2010
54.5252,Pocketbook Index,British Columbia,6/30/2010
55.7167,Pocketbook Index,British Columbia,9/30/2010
57.3023,Pocketbook Index,British Columbia,12/31/2010
63.8258,Pocketbook Index,British Columbia,3/31/2011
59.7263,Pocketbook Index,British Columbia,6/30/2011
60.9576,Pocketbook Index,British Columbia,9/30/2011
56.9322,Pocketbook Index,British Columbia,12/31/2011
53.846,Pocketbook Index,British Columbia,2/28/2012
51.9827,Pocketbook Index,British Columbia,3/31/2012
49.8756,Pocketbook Index,British Columbia,4/30/2012
51.426,Pocketbook Index,British Columbia,5/31/2012
50.5083,Pocketbook Index,British Columbia,6/30/2012
54.3944,Pocketbook Index,British Columbia,7/31/2012
52.1458,Pocketbook Index,British Columbia,8/31/2012
49.8113,Pocketbook Index,British Columbia,9/30/2012
51.684,Pocketbook Index,British Columbia,10/31/2012
48.3302,Pocketbook Index,British Columbia,11/30/2012
48.915,Pocketbook Index,British Columbia,12/31/2012
48.6161,Pocketbook Index,British Columbia,1/31/2013
48.2605,Pocketbook Index,British Columbia,2/28/2013
49.6449,Pocketbook Index,British Columbia,3/31/2013
50.719,Pocketbook Index,British Columbia,4/30/2013
51.8314,Pocketbook Index,British Columbia,5/24/2013
54.9462,Pocketbook Index,British Columbia,5/31/2013
56.7022,Pocketbook Index,British Columbia,6/7/2013
54.6578,Pocketbook Index,British Columbia,6/14/2013
56.3862,Pocketbook Index,British Columbia,6/21/2013
53.2692,Pocketbook Index,British Columbia,6/28/2013
55.1757,Pocketbook Index,British Columbia,7/5/2013
60.5543,Pocketbook Index,British Columbia,7/12/2013
60.9368,Pocketbook Index,British Columbia,7/19/2013
60.2983,Pocketbook Index,British Columbia,7/26/2013
60.5687,Pocketbook Index,British Columbia,8/2/2013
59.2142,Pocketbook Index,British Columbia,8/9/2013
58.3946,Pocketbook Index,British Columbia,8/16/2013
58.38,Pocketbook Index,British Columbia,8/23/2013
57.6338,Pocketbook Index,British Columbia,8/30/2013
58.1112,Pocketbook Index,British Columbia,9/6/2013
60.5022,Pocketbook Index,British Columbia,9/13/2013
59.5502,Pocketbook Index,British Columbia,9/20/2013
60.0201,Pocketbook Index,British Columbia,9/27/2013
61.0005,Pocketbook Index,British Columbia,10/4/2013
60.0522,Pocketbook Index,British Columbia,10/11/2013
60.8102,Pocketbook Index,British Columbia,10/18/2013
57.7056,Pocketbook Index,British Columbia,10/25/2013
56.7619,Pocketbook Index,British Columbia,11/1/2013
55.4862,Pocketbook Index,British Columbia,11/8/2013
55.134,Pocketbook Index,British Columbia,11/15/2013
59.7265,Pocketbook Index,British Columbia,11/22/2013
60.6102,Pocketbook Index,British Columbia,11/29/2013
61.2557,Pocketbook Index,British Columbia,12/6/2013
60.6543,Pocketbook Index,British Columbia,12/13/2013
57.8167,Pocketbook Index,British Columbia,12/20/2013
56.2702,Pocketbook Index,British Columbia,12/27/2013
53.7236,Pocketbook Index,British Columbia,1/3/2014
52.7248,Pocketbook Index,British Columbia,1/10/2014
52.7924,Pocketbook Index,British Columbia,1/17/2014
56.2005,Pocketbook Index,British Columbia,1/24/2014
58.6309,Pocketbook Index,British Columbia,1/31/2014
58.5883,Pocketbook Index,British Columbia,2/7/2014
59.2844,Pocketbook Index,British Columbia,2/14/2014
58.1807,Pocketbook Index,British Columbia,2/21/2014
60.1765,Pocketbook Index,British Columbia,2/28/2014
62.2479,Pocketbook Index,British Columbia,3/7/2014
62.2643,Pocketbook Index,British Columbia,3/14/2014
59.8211,Pocketbook Index,British Columbia,3/21/2014
58.9458,Pocketbook Index,British Columbia,3/28/2014
59.3315,Pocketbook Index,British Columbia,4/4/2014
58.9886,Pocketbook Index,British Columbia,4/11/2014
59.9364,Pocketbook Index,British Columbia,4/18/2014
60.4241,Pocketbook Index,British Columbia,4/25/2014
57.9684,Pocketbook Index,British Columbia,5/2/2014
59.9668,Pocketbook Index,British Columbia,5/9/2014
60.7152,Pocketbook Index,British Columbia,5/16/2014
60.0332,Pocketbook Index,British Columbia,5/23/2014
62.0969,Pocketbook Index,British Columbia,5/30/2014
60.8126,Pocketbook Index,British Columbia,6/6/2014
59.6449,Pocketbook Index,British Columbia,6/13/2014
57.5949,Pocketbook Index,British Columbia,6/20/2014
59.007,Pocketbook Index,British Columbia,6/27/2014
57.2523,Pocketbook Index,British Columbia,7/4/2014
56.3417,Pocketbook Index,British Columbia,7/11/2014
56.35,Pocketbook Index,British Columbia,7/18/2014
54.7549,Pocketbook Index,British Columbia,7/25/2014
56.6423,Pocketbook Index,British Columbia,8/1/2014
56.3443,Pocketbook Index,British Columbia,8/8/2014
57.4185,Pocketbook Index,British Columbia,8/15/2014
58.5182,Pocketbook Index,British Columbia,8/22/2014
56.7839,Pocketbook Index,British Columbia,8/29/2014
59.7738,Pocketbook Index,British Columbia,9/5/2014
58.9433,Pocketbook Index,British Columbia,9/12/2014
59.0937,Pocketbook Index,British Columbia,9/19/2014
61.6297,Pocketbook Index,British Columbia,9/26/2014
61.3009,Pocketbook Index,British Columbia,10/3/2014
63.0329,Pocketbook Index,British Columbia,10/10/2014
62.7439,Pocketbook Index,British Columbia,10/17/2014
61.599,Pocketbook Index,British Columbia,10/24/2014
60.2752,Pocketbook Index,British Columbia,10/31/2014
59.1703,Pocketbook Index,British Columbia,11/7/2014
60.4772,Pocketbook Index,British Columbia,11/14/2014
60.4417,Pocketbook Index,British Columbia,11/21/2014
62.3371,Pocketbook Index,British Columbia,11/28/2014
62.7776,Pocketbook Index,British Columbia,12/5/2014
61.0938,Pocketbook Index,British Columbia,12/12/2014
62.3813,Pocketbook Index,British Columbia,12/19/2014
61.0597,Pocketbook Index,British Columbia,12/26/2014
60.4309,Pocketbook Index,British Columbia,1/2/2015
61.2425,Pocketbook Index,British Columbia,1/9/2015
61.3013,Pocketbook Index,British Columbia,1/16/2015
61.7362,Pocketbook Index,British Columbia,1/23/2015
63.5195,Pocketbook Index,British Columbia,1/30/2015
63.7082,Pocketbook Index,British Columbia,2/6/2015
63.3541,Pocketbook Index,British Columbia,2/13/2015
61.1556,Pocketbook Index,British Columbia,2/20/2015
58.9928,Pocketbook Index,British Columbia,2/27/2015
59.6171,Pocketbook Index,British Columbia,3/6/2015
58.3571,Pocketbook Index,British Columbia,3/13/2015
61.0804,Pocketbook Index,British Columbia,3/20/2015
62.068,Pocketbook Index,British Columbia,3/27/2015
60.2551,Pocketbook Index,British Columbia,4/3/2015
61.267,Pocketbook Index,British Columbia,4/10/2015
60.6816,Pocketbook Index,British Columbia,4/17/2015
58.6648,Pocketbook Index,British Columbia,4/24/2015
59.9,Pocketbook Index,British Columbia,5/1/2015
59.1999,Pocketbook Index,British Columbia,5/8/2015
60.9979,Pocketbook Index,British Columbia,5/15/2015
62.257,Pocketbook Index,British Columbia,5/22/2015
62.0816,Pocketbook Index,British Columbia,5/29/2015
60.3421,Pocketbook Index,British Columbia,6/5/2015
59.1083,Pocketbook Index,British Columbia,6/12/2015
58.9128,Pocketbook Index,British Columbia,6/19/2015
57.3716,Pocketbook Index,British Columbia,6/26/2015
59.2265,Pocketbook Index,British Columbia,7/3/2015
58.6543,Pocketbook Index,British Columbia,7/10/2015
58.4456,Pocketbook Index,British Columbia,7/17/2015
58.1797,Pocketbook Index,British Columbia,7/24/2015
57.5257,Pocketbook Index,British Columbia,7/31/2015
55.7676,Pocketbook Index,British Columbia,8/7/2015
57.7449,Pocketbook Index,British Columbia,8/14/2015
58.1889,Pocketbook Index,British Columbia,8/21/2015
58.6048,Pocketbook Index,British Columbia,8/28/2015
59.5818,Pocketbook Index,British Columbia,9/4/2015
58.023,Pocketbook Index,British Columbia,9/11/2015
59.0223,Pocketbook Index,British Columbia,9/18/2015
58.5512,Pocketbook Index,British Columbia,9/25/2015
58.1384,Pocketbook Index,British Columbia,10/2/2015
57.596,Pocketbook Index,British Columbia,10/9/2015
57.3927,Pocketbook Index,British Columbia,10/16/2015
57.4404,Pocketbook Index,British Columbia,10/23/2015
57.962,Pocketbook Index,British Columbia,10/30/2015
60.2623,Pocketbook Index,British Columbia,11/6/2015
61.5954,Pocketbook Index,British Columbia,11/13/2015
61.0117,Pocketbook Index,British Columbia,11/20/2015
61.6084,Pocketbook Index,British Columbia,11/27/2015
59.8384,Pocketbook Index,British Columbia,12/4/2015
60.9123,Pocketbook Index,British Columbia,12/11/2015
61.9502,Pocketbook Index,British Columbia,12/18/2015
61.8165,Pocketbook Index,British Columbia,12/25/2015
64.1655,Pocketbook Index,British Columbia,1/1/2016
63.6211,Pocketbook Index,British Columbia,1/8/2016
64.0715,Pocketbook Index,British Columbia,1/15/2016
62.6661,Pocketbook Index,British Columbia,1/22/2016
58.912,Pocketbook Index,British Columbia,1/29/2016
56.9795,Pocketbook Index,British Columbia,2/5/2016
52.9872,Pocketbook Index,British Columbia,2/12/2016
53.6508,Pocketbook Index,British Columbia,2/19/2016
53.4474,Pocketbook Index,British Columbia,2/26/2016
51.9,Pocketbook Index,British Columbia,3/4/2016
55.0306,Pocketbook Index,British Columbia,3/11/2016
55.7867,Pocketbook Index,British Columbia,3/18/2016
58.5238,Pocketbook Index,British Columbia,3/25/2016
58.3197,Pocketbook Index,British Columbia,4/1/2016
57.613,Pocketbook Index,British Columbia,4/8/2016
56.6432,Pocketbook Index,British Columbia,4/15/2016
57.2989,Pocketbook Index,British Columbia,4/22/2016
62.7573,Pocketbook Index,British Columbia,4/29/2016
64.1453,Pocketbook Index,British Columbia,5/6/2016
66.1018,Pocketbook Index,British Columbia,5/13/2016
64.7327,Pocketbook Index,British Columbia,5/20/2016
59.3206,Pocketbook Index,British Columbia,5/27/2016
60.2341,Pocketbook Index,British Columbia,6/3/2016
59.9083,Pocketbook Index,British Columbia,6/10/2016
61.0069,Pocketbook Index,British Columbia,6/17/2016
62.6228,Pocketbook Index,British Columbia,6/24/2016
59.9524,Pocketbook Index,British Columbia,6/30/2016
59.2641,Pocketbook Index,British Columbia,7/8/2016
59.6293,Pocketbook Index,British Columbia,7/15/2016
58.8093,Pocketbook Index,British Columbia,7/22/2016
61.314,Pocketbook Index,British Columbia,7/29/2016
60.0377,Pocketbook Index,British Columbia,8/5/2016
58.7259,Pocketbook Index,British Columbia,8/12/2016
60.3559,Pocketbook Index,British Columbia,8/19/2016
60.394,Pocketbook Index,British Columbia,8/26/2016
62.0139,Pocketbook Index,British Columbia,9/2/2016
61.1536,Pocketbook Index,British Columbia,9/9/2016
59.4436,Pocketbook Index,British Columbia,9/16/2016
58.6997,Pocketbook Index,British Columbia,9/23/2016
56.4156,Pocketbook Index,British Columbia,9/30/2016
59.4719,Pocketbook Index,British Columbia,10/7/2016
59.1982,Pocketbook Index,British Columbia,10/14/2016
59.3263,Pocketbook Index,British Columbia,10/21/2016
61.4758,Pocketbook Index,British Columbia,10/28/2016
60.501,Pocketbook Index,British Columbia,11/4/2016
61.7914,Pocketbook Index,British Columbia,11/11/2016
60.7256,Pocketbook Index,British Columbia,11/18/2016
60.2606,Pocketbook Index,British Columbia,11/25/2016
60.3145,Pocketbook Index,British Columbia,12/2/2016
59.7569,Pocketbook Index,British Columbia,12/9/2016
62.13,Pocketbook Index,British Columbia,12/16/2016
63.1793,Pocketbook Index,British Columbia,12/23/2016
61.8768,Pocketbook Index,British Columbia,12/30/2016
60.7334,Pocketbook Index,British Columbia,1/6/2017
59.336,Pocketbook Index,British Columbia,1/13/2017
56.7891,Pocketbook Index,British Columbia,1/20/2017
60.7829,Pocketbook Index,British Columbia,1/27/2017
62.3006,Pocketbook Index,British Columbia,2/3/2017
62.7846,Pocketbook Index,British Columbia,2/10/2017
64.2749,Pocketbook Index,British Columbia,2/17/2017
62.9323,Pocketbook Index,British Columbia,2/24/2017
63.8809,Pocketbook Index,British Columbia,3/3/2017
63.6969,Pocketbook Index,British Columbia,3/10/2017
64.7619,Pocketbook Index,British Columbia,3/17/2017
63.0633,Pocketbook Index,British Columbia,3/24/2017
60.8468,Pocketbook Index,British Columbia,3/31/2017
60.8893,Pocketbook Index,British Columbia,4/7/2017
60.6551,Pocketbook Index,British Columbia,4/13/2017
60.6207,Pocketbook Index,British Columbia,4/21/2017
60.5002,Pocketbook Index,British Columbia,4/28/2017
62.0515,Pocketbook Index,British Columbia,5/5/2017
60.4263,Pocketbook Index,British Columbia,5/12/2017
62.0436,Pocketbook Index,British Columbia,5/19/2017
63.1902,Pocketbook Index,British Columbia,5/26/2017
62.3826,Pocketbook Index,British Columbia,6/2/2017
62.6171,Pocketbook Index,British Columbia,6/9/2017
62.4476,Pocketbook Index,British Columbia,6/16/2017
61.9527,Pocketbook Index,British Columbia,6/23/2017
61.3151,Pocketbook Index,British Columbia,6/30/2017
60.9226,Pocketbook Index,British Columbia,7/7/2017
59.3348,Pocketbook Index,British Columbia,7/14/2017
59.6791,Pocketbook Index,British Columbia,7/21/2017
62.1676,Pocketbook Index,British Columbia,7/28/2017
61.4371,Pocketbook Index,British Columbia,8/4/2017
64.1515,Pocketbook Index,British Columbia,8/11/2017
63.7507,Pocketbook Index,British Columbia,8/18/2017
62.0843,Pocketbook Index,British Columbia,8/25/2017
63.7644,Pocketbook Index,British Columbia,9/1/2017
61.2735,Pocketbook Index,British Columbia,9/8/2017
62.1346,Pocketbook Index,British Columbia,9/15/2017
62.0031,Pocketbook Index,British Columbia,9/22/2017
61.0428,Pocketbook Index,British Columbia,9/29/2017
60.8565,Pocketbook Index,British Columbia,10/6/2017
62.6475,Pocketbook Index,British Columbia,10/13/2017
64.0391,Pocketbook Index,British Columbia,10/20/2017
63.4799,Pocketbook Index,British Columbia,10/27/2017
65.5598,Pocketbook Index,British Columbia,11/3/2017
63.4907,Pocketbook Index,British Columbia,11/10/2017
62.662,Pocketbook Index,British Columbia,11/17/2017
61.6152,Pocketbook Index,British Columbia,11/24/2017
59.9451,Pocketbook Index,British Columbia,12/1/2017
59.8365,Pocketbook Index,British Columbia,12/8/2017
60.8687,Pocketbook Index,British Columbia,12/15/2017
61.3623,Pocketbook Index,British Columbia,12/22/2017
63.5433,Pocketbook Index,British Columbia,12/29/2017
64.8742,Pocketbook Index,British Columbia,1/5/2018
64.1977,Pocketbook Index,British Columbia,1/12/2018
64.5977,Pocketbook Index,British Columbia,1/19/2018
61.8959,Pocketbook Index,British Columbia,1/26/2018
59.5939,Pocketbook Index,British Columbia,2/2/2018
60.082,Pocketbook Index,British Columbia,2/9/2018
59.8048,Pocketbook Index,British Columbia,2/16/2018
60.8544,Pocketbook Index,British Columbia,2/23/2018
60.494,Pocketbook Index,British Columbia,3/2/2018
59.4919,Pocketbook Index,British Columbia,3/9/2018
58.9355,Pocketbook Index,British Columbia,3/16/2018
59.7358,Pocketbook Index,British Columbia,3/23/2018
60.9812,Pocketbook Index,British Columbia,3/29/2018
63.7908,Pocketbook Index,British Columbia,4/6/2018
63.0216,Pocketbook Index,British Columbia,4/13/2018
63.1895,Pocketbook Index,British Columbia,4/20/2018
62.8807,Pocketbook Index,British Columbia,4/27/2018
61.8471,Pocketbook Index,British Columbia,5/4/2018
65.3097,Pocketbook Index,British Columbia,5/11/2018
63.7656,Pocketbook Index,British Columbia,5/18/2018
62.096,Pocketbook Index,British Columbia,5/25/2018
65.8369,Pocketbook Index,British Columbia,6/1/2018
65.7741,Pocketbook Index,British Columbia,6/8/2018
62.3229,Pocketbook Index,British Columbia,6/15/2018
61.3849,Pocketbook Index,British Columbia,6/22/2018
58.6644,Pocketbook Index,British Columbia,6/29/2018
59.1926,Pocketbook Index,British Columbia,7/6/2018
59.9043,Pocketbook Index,British Columbia,7/13/2018
61.9231,Pocketbook Index,British Columbia,7/20/2018
62.5378,Pocketbook Index,British Columbia,7/27/2018
64.7821,Pocketbook Index,British Columbia,8/3/2018
63.928,Pocketbook Index,British Columbia,8/10/2018
63.3731,Pocketbook Index,British Columbia,8/17/2018
64.2117,Pocketbook Index,British Columbia,8/24/2018
61.3185,Pocketbook Index,British Columbia,8/31/2018
60.7754,Pocketbook Index,British Columbia,9/7/2018
61.3627,Pocketbook Index,British Columbia,9/14/2018
60.297,Pocketbook Index,British Columbia,9/21/2018
60.2488,Pocketbook Index,British Columbia,9/28/2018
62.159,Pocketbook Index,British Columbia,10/5/2018
61.4843,Pocketbook Index,British Columbia,10/12/2018
61.2912,Pocketbook Index,British Columbia,10/19/2018
63.0472,Pocketbook Index,British Columbia,10/26/2018
62.0668,Pocketbook Index,British Columbia,11/2/2018
62.4001,Pocketbook Index,British Columbia,11/9/2018
60.8958,Pocketbook Index,British Columbia,11/16/2018
61.5007,Pocketbook Index,British Columbia,11/23/2018
59.3333,Pocketbook Index,British Columbia,11/30/2018
57.4393,Pocketbook Index,British Columbia,12/7/2018
57.4062,Pocketbook Index,British Columbia,12/14/2018
56.7009,Pocketbook Index,British Columbia,12/21/2018
58.3342,Pocketbook Index,British Columbia,12/28/2018
59.2806,Pocketbook Index,British Columbia,1/4/2019
59.3347,Pocketbook Index,British Columbia,1/11/2019
60.4134,Pocketbook Index,British Columbia,1/18/2019
59.1775,Pocketbook Index,British Columbia,1/25/2019
58.1619,Pocketbook Index,British Columbia,2/1/2019
62.8672,Pocketbook Index,British Columbia,2/8/2019
61.877,Pocketbook Index,British Columbia,2/15/2019
61.4719,Pocketbook Index,British Columbia,2/22/2019
62.6679,Pocketbook Index,British Columbia,3/1/2019
61.1131,Pocketbook Index,British Columbia,3/8/2019
58.7274,Pocketbook Index,British Columbia,3/15/2019
57.8696,Pocketbook Index,British Columbia,3/22/2019
58.4715,Pocketbook Index,British Columbia,3/29/2019
60.4435,Pocketbook Index,British Columbia,4/5/2019
60.6655,Pocketbook Index,British Columbia,4/12/2019
62.3224,Pocketbook Index,British Columbia,4/19/2019
60.3337,Pocketbook Index,British Columbia,4/26/2019
57.5557,Pocketbook Index,British Columbia,5/3/2019
56.5337,Pocketbook Index,British Columbia,5/10/2019
53.7414,Pocketbook Index,British Columbia,5/17/2019
57.1162,Pocketbook Index,British Columbia,5/24/2019
55.7446,Pocketbook Index,British Columbia,5/31/2019
57.0523,Pocketbook Index,British Columbia,6/7/2019
61.6535,Pocketbook Index,British Columbia,6/14/2019
58.6218,Pocketbook Index,British Columbia,6/21/2019
60.6152,Pocketbook Index,British Columbia,6/28/2019
61.675,Pocketbook Index,British Columbia,7/5/2019
60.3453,Pocketbook Index,British Columbia,7/12/2019
63.5481,Pocketbook Index,British Columbia,7/19/2019
64.3279,Pocketbook Index,British Columbia,7/26/2019
63.3403,Pocketbook Index,British Columbia,8/2/2019
64.8016,Pocketbook Index,British Columbia,8/9/2019
63.419,Pocketbook Index,British Columbia,8/16/2019
61.5774,Pocketbook Index,British Columbia,8/23/2019
62.5661,Pocketbook Index,British Columbia,8/30/2019
61.7652,Pocketbook Index,British Columbia,9/6/2019
62.74,Pocketbook Index,British Columbia,9/13/2019
62.3439,Pocketbook Index,British Columbia,9/20/2019
59.1795,Pocketbook Index,British Columbia,9/27/2019
58.8067,Pocketbook Index,British Columbia,10/4/2019
58.6411,Pocketbook Index,British Columbia,10/11/2019
58.5076,Pocketbook Index,British Columbia,10/18/2019
60.1632,Pocketbook Index,British Columbia,10/25/2019
59.5781,Pocketbook Index,British Columbia,11/1/2019
60.3509,Pocketbook Index,British Columbia,11/8/2019
62.3223,Pocketbook Index,British Columbia,11/15/2019
58.0188,Pocketbook Index,British Columbia,11/22/2019
59.1341,Pocketbook Index,British Columbia,11/29/2019
55.2482,Pocketbook Index,British Columbia,12/6/2019
54.8684,Pocketbook Index,British Columbia,12/13/2019
56.1518,Pocketbook Index,British Columbia,12/20/2019
57.1948,Pocketbook Index,British Columbia,12/27/2019
59.5866,Pocketbook Index,British Columbia,1/3/2020
60.102,Pocketbook Index,British Columbia,1/10/2020
59.0863,Pocketbook Index,British Columbia,1/17/2020
58.1162,Pocketbook Index,British Columbia,1/24/2020
56.879,Pocketbook Index,British Columbia,1/31/2020
55.9885,Pocketbook Index,British Columbia,2/7/2020
56.9005,Pocketbook Index,British Columbia,2/14/2020
55.7977,Pocketbook Index,British Columbia,2/21/2020
54.7565,Pocketbook Index,British Columbia,2/28/2020
56.1166,Pocketbook Index,British Columbia,3/6/2020
56.8517,Pocketbook Index,British Columbia,3/13/2020
56.7096,Pocketbook Index,British Columbia,3/20/2020
54.6298,Pocketbook Index,British Columbia,3/27/2020
53.9267,Pocketbook Index,British Columbia,4/3/2020
48.5785,Pocketbook Index,British Columbia,4/10/2020
48.3542,Pocketbook Index,British Columbia,4/17/2020
46.9087,Pocketbook Index,British Columbia,4/24/2020
48.2,Pocketbook Index,British Columbia,5/1/2020
51.49,Pocketbook Index,British Columbia,5/8/2020
49.86,Pocketbook Index,British Columbia,5/15/2020
54.19,Pocketbook Index,British Columbia,5/22/2020
53.89,Pocketbook Index,British Columbia,5/29/2020
55.43,Pocketbook Index,British Columbia,6/5/2020
57.72,Pocketbook Index,British Columbia,6/12/2020
55.87,Pocketbook Index,British Columbia,6/19/2020
51.92,Pocketbook Index,British Columbia,6/26/2020
52.79,Pocketbook Index,British Columbia,7/3/2020
52.17,Pocketbook Index,British Columbia,7/10/2020
52.92,Pocketbook Index,British Columbia,7/17/2020
56.82,Pocketbook Index,British Columbia,7/24/2020
55.39,Pocketbook Index,British Columbia,7/31/2020
56.76,Pocketbook Index,British Columbia,8/7/2020
52.99,Pocketbook Index,British Columbia,8/14/2020
54.17,Pocketbook Index,British Columbia,8/21/2020
53.69,Pocketbook Index,British Columbia,8/28/2020
54.61,Pocketbook Index,British Columbia,9/4/2020
54.88,Pocketbook Index,British Columbia,9/11/2020
54.74,Pocketbook Index,British Columbia,9/18/2020
53.12,Pocketbook Index,British Columbia,9/25/2020
53.98,Pocketbook Index,British Columbia,10/2/2020
54.02,Pocketbook Index,British Columbia,10/9/2020
54.88,Pocketbook Index,British Columbia,10/16/2020
58.31,Pocketbook Index,British Columbia,10/23/2020
59.55,Pocketbook Index,British Columbia,10/30/2020
59.89,Pocketbook Index,British Columbia,11/6/2020
58.24,Pocketbook Index,British Columbia,11/13/2020
58.86,Pocketbook Index,British Columbia,11/20/2020
58.36,Pocketbook Index,British Columbia,11/27/2020
59.54,Pocketbook Index,British Columbia,12/4/2020
58.83,Pocketbook Index,British Columbia,12/11/2020
58.03,Pocketbook Index,British Columbia,12/18/2020
56.88,Pocketbook Index,British Columbia,12/25/2020
56.24,Pocketbook Index,British Columbia,1/1/2021
59.44,Pocketbook Index,British Columbia,1/8/2021
58.42,Pocketbook Index,British Columbia,1/15/2021
60.06,Pocketbook Index,British Columbia,1/22/2021
59.9,Pocketbook Index,British Columbia,1/29/2021
58.4,Pocketbook Index,British Columbia,2/5/2021
57.35,Pocketbook Index,British Columbia,2/12/2021
57.51,Pocketbook Index,British Columbia,2/19/2021
56.83,Pocketbook Index,British Columbia,2/26/2021
58.36,Pocketbook Index,British Columbia,3/5/2021
60.71,Pocketbook Index,British Columbia,3/12/2021
60.09,Pocketbook Index,British Columbia,3/19/2021
61.16,Pocketbook Index,British Columbia,3/26/2021
60.43,Pocketbook Index,British Columbia,4/2/2021
57.36,Pocketbook Index,British Columbia,4/9/2021
59.83,Pocketbook Index,British Columbia,4/16/2021
56.9468,Pocketbook Index,Canada,6/30/2008
58.3882,Pocketbook Index,Canada,9/30/2008
55.1929,Pocketbook Index,Canada,12/31/2008
53.9943,Pocketbook Index,Canada,3/31/2009
54.3915,Pocketbook Index,Canada,6/30/2009
54.5361,Pocketbook Index,Canada,9/30/2009
57.0913,Pocketbook Index,Canada,12/31/2009
56.8585,Pocketbook Index,Canada,3/31/2010
57.5546,Pocketbook Index,Canada,6/30/2010
57.7257,Pocketbook Index,Canada,9/30/2010
58.1108,Pocketbook Index,Canada,12/31/2010
61.2102,Pocketbook Index,Canada,3/31/2011
59.7263,Pocketbook Index,Canada,6/30/2011
60.3106,Pocketbook Index,Canada,9/30/2011
58.55,Pocketbook Index,Canada,12/31/2011
53.8926,Pocketbook Index,Canada,2/28/2012
54.6698,Pocketbook Index,Canada,3/31/2012
52.6852,Pocketbook Index,Canada,4/30/2012
52.8176,Pocketbook Index,Canada,5/31/2012
51.7411,Pocketbook Index,Canada,6/30/2012
51.1242,Pocketbook Index,Canada,7/31/2012
52.4078,Pocketbook Index,Canada,8/31/2012
51.9209,Pocketbook Index,Canada,9/30/2012
52.9672,Pocketbook Index,Canada,10/31/2012
49.7973,Pocketbook Index,Canada,11/30/2012
50.1631,Pocketbook Index,Canada,12/31/2012
52.3545,Pocketbook Index,Canada,1/31/2013
49.9927,Pocketbook Index,Canada,2/28/2013
50.6006,Pocketbook Index,Canada,3/31/2013
53.5205,Pocketbook Index,Canada,4/30/2013
51.1058,Pocketbook Index,Canada,5/24/2013
53.2508,Pocketbook Index,Canada,5/31/2013
57.3833,Pocketbook Index,Canada,6/7/2013
57.6767,Pocketbook Index,Canada,6/14/2013
58.3487,Pocketbook Index,Canada,6/21/2013
59.6645,Pocketbook Index,Canada,6/28/2013
60.3301,Pocketbook Index,Canada,7/5/2013
60.5411,Pocketbook Index,Canada,7/12/2013
60.4366,Pocketbook Index,Canada,7/19/2013
60.0369,Pocketbook Index,Canada,7/26/2013
60.4752,Pocketbook Index,Canada,8/2/2013
59.5194,Pocketbook Index,Canada,8/9/2013
58.8484,Pocketbook Index,Canada,8/16/2013
58.292,Pocketbook Index,Canada,8/23/2013
58.3703,Pocketbook Index,Canada,8/30/2013
59.3365,Pocketbook Index,Canada,9/6/2013
60.3498,Pocketbook Index,Canada,9/13/2013
60.5495,Pocketbook Index,Canada,9/20/2013
61.3744,Pocketbook Index,Canada,9/27/2013
60.767,Pocketbook Index,Canada,10/4/2013
60.7873,Pocketbook Index,Canada,10/11/2013
60.0778,Pocketbook Index,Canada,10/18/2013
58.6999,Pocketbook Index,Canada,10/25/2013
59.4706,Pocketbook Index,Canada,11/1/2013
59.0891,Pocketbook Index,Canada,11/8/2013
59.8082,Pocketbook Index,Canada,11/15/2013
61.1882,Pocketbook Index,Canada,11/22/2013
60.2975,Pocketbook Index,Canada,11/29/2013
60.796,Pocketbook Index,Canada,12/6/2013
60.3964,Pocketbook Index,Canada,12/13/2013
59.6596,Pocketbook Index,Canada,12/20/2013
60.2387,Pocketbook Index,Canada,12/27/2013
59.8529,Pocketbook Index,Canada,1/3/2014
60.2947,Pocketbook Index,Canada,1/10/2014
59.5981,Pocketbook Index,Canada,1/17/2014
59.0492,Pocketbook Index,Canada,1/24/2014
58.8724,Pocketbook Index,Canada,1/31/2014
58.5109,Pocketbook Index,Canada,2/7/2014
59.946,Pocketbook Index,Canada,2/14/2014
60.1379,Pocketbook Index,Canada,2/21/2014
61.2946,Pocketbook Index,Canada,2/28/2014
62.1123,Pocketbook Index,Canada,3/7/2014
61.0272,Pocketbook Index,Canada,3/14/2014
60.6422,Pocketbook Index,Canada,3/21/2014
59.849,Pocketbook Index,Canada,3/28/2014
59.6074,Pocketbook Index,Canada,4/4/2014
59.6402,Pocketbook Index,Canada,4/11/2014
59.9543,Pocketbook Index,Canada,4/18/2014
60.1998,Pocketbook Index,Canada,4/25/2014
59.2977,Pocketbook Index,Canada,5/2/2014
59.2421,Pocketbook Index,Canada,5/9/2014
60.1601,Pocketbook Index,Canada,5/16/2014
60.0058,Pocketbook Index,Canada,5/23/2014
60.3609,Pocketbook Index,Canada,5/30/2014
60.4135,Pocketbook Index,Canada,6/6/2014
59.2683,Pocketbook Index,Canada,6/13/2014
58.8581,Pocketbook Index,Canada,6/20/2014
59.6672,Pocketbook Index,Canada,6/27/2014
60.018,Pocketbook Index,Canada,7/4/2014
60.3111,Pocketbook Index,Canada,7/11/2014
60.8209,Pocketbook Index,Canada,7/18/2014
60.2275,Pocketbook Index,Canada,7/25/2014
59.8354,Pocketbook Index,Canada,8/1/2014
59.9352,Pocketbook Index,Canada,8/8/2014
60.3065,Pocketbook Index,Canada,8/15/2014
60.516,Pocketbook Index,Canada,8/22/2014
60.4649,Pocketbook Index,Canada,8/29/2014
60.8243,Pocketbook Index,Canada,9/5/2014
59.6945,Pocketbook Index,Canada,9/12/2014
60.07,Pocketbook Index,Canada,9/19/2014
60.836,Pocketbook Index,Canada,9/26/2014
60.5605,Pocketbook Index,Canada,10/3/2014
61.2213,Pocketbook Index,Canada,10/10/2014
61.0328,Pocketbook Index,Canada,10/17/2014
61.2624,Pocketbook Index,Canada,10/24/2014
61.0052,Pocketbook Index,Canada,10/31/2014
60.6992,Pocketbook Index,Canada,11/7/2014
61.1313,Pocketbook Index,Canada,11/14/2014
60.0862,Pocketbook Index,Canada,11/21/2014
60.7093,Pocketbook Index,Canada,11/28/2014
60.3992,Pocketbook Index,Canada,12/5/2014
60.3367,Pocketbook Index,Canada,12/12/2014
60.812,Pocketbook Index,Canada,12/19/2014
60.2451,Pocketbook Index,Canada,12/26/2014
61.1525,Pocketbook Index,Canada,1/2/2015
61.705,Pocketbook Index,Canada,1/9/2015
62.5312,Pocketbook Index,Canada,1/16/2015
63.6846,Pocketbook Index,Canada,1/23/2015
64.0692,Pocketbook Index,Canada,1/30/2015
63.2675,Pocketbook Index,Canada,2/6/2015
63.0954,Pocketbook Index,Canada,2/13/2015
61.9035,Pocketbook Index,Canada,2/20/2015
61.2528,Pocketbook Index,Canada,2/27/2015
61.6274,Pocketbook Index,Canada,3/6/2015
60.9241,Pocketbook Index,Canada,3/13/2015
60.8872,Pocketbook Index,Canada,3/20/2015
60.8135,Pocketbook Index,Canada,3/27/2015
59.9491,Pocketbook Index,Canada,4/3/2015
60.5642,Pocketbook Index,Canada,4/10/2015
61.47,Pocketbook Index,Canada,4/17/2015
61.1208,Pocketbook Index,Canada,4/24/2015
61.7138,Pocketbook Index,Canada,5/1/2015
61.3502,Pocketbook Index,Canada,5/8/2015
60.7807,Pocketbook Index,Canada,5/15/2015
61.5052,Pocketbook Index,Canada,5/22/2015
60.7175,Pocketbook Index,Canada,5/29/2015
60.169,Pocketbook Index,Canada,6/5/2015
60.4003,Pocketbook Index,Canada,6/12/2015
59.8758,Pocketbook Index,Canada,6/19/2015
60.6015,Pocketbook Index,Canada,6/26/2015
60.2827,Pocketbook Index,Canada,7/3/2015
60.4183,Pocketbook Index,Canada,7/10/2015
59.8946,Pocketbook Index,Canada,7/17/2015
58.9772,Pocketbook Index,Canada,7/24/2015
58.7536,Pocketbook Index,Canada,7/31/2015
58.49,Pocketbook Index,Canada,8/7/2015
59.0376,Pocketbook Index,Canada,8/14/2015
59.4155,Pocketbook Index,Canada,8/21/2015
60.0158,Pocketbook Index,Canada,8/28/2015
59.3352,Pocketbook Index,Canada,9/4/2015
58.8604,Pocketbook Index,Canada,9/11/2015
58.5515,Pocketbook Index,Canada,9/18/2015
58.6597,Pocketbook Index,Canada,9/25/2015
58.7499,Pocketbook Index,Canada,10/2/2015
58.8349,Pocketbook Index,Canada,10/9/2015
58.7823,Pocketbook Index,Canada,10/16/2015
58.8264,Pocketbook Index,Canada,10/23/2015
59.3131,Pocketbook Index,Canada,10/30/2015
59.5002,Pocketbook Index,Canada,11/6/2015
59.6884,Pocketbook Index,Canada,11/13/2015
59.6481,Pocketbook Index,Canada,11/20/2015
59.2357,Pocketbook Index,Canada,11/27/2015
59.1109,Pocketbook Index,Canada,12/4/2015
59.5963,Pocketbook Index,Canada,12/11/2015
59.4852,Pocketbook Index,Canada,12/18/2015
59.0633,Pocketbook Index,Canada,12/25/2015
59.0764,Pocketbook Index,Canada,1/1/2016
59.0047,Pocketbook Index,Canada,1/8/2016
58.9915,Pocketbook Index,Canada,1/15/2016
59.1764,Pocketbook Index,Canada,1/22/2016
57.9539,Pocketbook Index,Canada,1/29/2016
57.7122,Pocketbook Index,Canada,2/5/2016
57.4658,Pocketbook Index,Canada,2/12/2016
57.4501,Pocketbook Index,Canada,2/19/2016
58.3006,Pocketbook Index,Canada,2/26/2016
57.7854,Pocketbook Index,Canada,3/4/2016
57.7584,Pocketbook Index,Canada,3/11/2016
57.3232,Pocketbook Index,Canada,3/18/2016
56.7505,Pocketbook Index,Canada,3/25/2016
56.2638,Pocketbook Index,Canada,4/1/2016
56.7486,Pocketbook Index,Canada,4/8/2016
57.5329,Pocketbook Index,Canada,4/15/2016
57.8947,Pocketbook Index,Canada,4/22/2016
58.8858,Pocketbook Index,Canada,4/29/2016
58.3783,Pocketbook Index,Canada,5/6/2016
58.3655,Pocketbook Index,Canada,5/13/2016
58.6383,Pocketbook Index,Canada,5/20/2016
58.2337,Pocketbook Index,Canada,5/27/2016
59.0844,Pocketbook Index,Canada,6/3/2016
58.8415,Pocketbook Index,Canada,6/10/2016
59.2812,Pocketbook Index,Canada,6/17/2016
59.052,Pocketbook Index,Canada,6/24/2016
57.8367,Pocketbook Index,Canada,6/30/2016
58.3503,Pocketbook Index,Canada,7/8/2016
58.4821,Pocketbook Index,Canada,7/15/2016
58.8345,Pocketbook Index,Canada,7/22/2016
60.3207,Pocketbook Index,Canada,7/29/2016
60.1999,Pocketbook Index,Canada,8/5/2016
60.259,Pocketbook Index,Canada,8/12/2016
61.0789,Pocketbook Index,Canada,8/19/2016
62.507,Pocketbook Index,Canada,8/26/2016
62.2286,Pocketbook Index,Canada,9/2/2016
61.4865,Pocketbook Index,Canada,9/9/2016
60.5037,Pocketbook Index,Canada,9/16/2016
58.6552,Pocketbook Index,Canada,9/23/2016
58.283,Pocketbook Index,Canada,9/30/2016
58.7698,Pocketbook Index,Canada,10/7/2016
58.3918,Pocketbook Index,Canada,10/14/2016
58.585,Pocketbook Index,Canada,10/21/2016
58.8567,Pocketbook Index,Canada,10/28/2016
58.2874,Pocketbook Index,Canada,11/4/2016
58.2818,Pocketbook Index,Canada,11/11/2016
57.9272,Pocketbook Index,Canada,11/18/2016
58.7289,Pocketbook Index,Canada,11/25/2016
58.9253,Pocketbook Index,Canada,12/2/2016
59.0682,Pocketbook Index,Canada,12/9/2016
59.4127,Pocketbook Index,Canada,12/16/2016
59.3082,Pocketbook Index,Canada,12/23/2016
59.2951,Pocketbook Index,Canada,12/30/2016
59.5319,Pocketbook Index,Canada,1/6/2017
59.7792,Pocketbook Index,Canada,1/13/2017
59.3575,Pocketbook Index,Canada,1/20/2017
59.0705,Pocketbook Index,Canada,1/27/2017
59.0421,Pocketbook Index,Canada,2/3/2017
59.1281,Pocketbook Index,Canada,2/10/2017
58.783,Pocketbook Index,Canada,2/17/2017
58.852,Pocketbook Index,Canada,2/24/2017
58.8564,Pocketbook Index,Canada,3/3/2017
59.0449,Pocketbook Index,Canada,3/10/2017
59.8805,Pocketbook Index,Canada,3/17/2017
59.5554,Pocketbook Index,Canada,3/24/2017
59.2798,Pocketbook Index,Canada,3/31/2017
59.3322,Pocketbook Index,Canada,4/7/2017
58.5505,Pocketbook Index,Canada,4/13/2017
58.6869,Pocketbook Index,Canada,4/21/2017
58.9811,Pocketbook Index,Canada,4/28/2017
58.8964,Pocketbook Index,Canada,5/5/2017
58.5386,Pocketbook Index,Canada,5/12/2017
58.828,Pocketbook Index,Canada,5/19/2017
59.7319,Pocketbook Index,Canada,5/26/2017
59.2785,Pocketbook Index,Canada,6/2/2017
59.5217,Pocketbook Index,Canada,6/9/2017
59.946,Pocketbook Index,Canada,6/16/2017
59.2916,Pocketbook Index,Canada,6/23/2017
59.6995,Pocketbook Index,Canada,6/30/2017
59.9237,Pocketbook Index,Canada,7/7/2017
59.784,Pocketbook Index,Canada,7/14/2017
60.4559,Pocketbook Index,Canada,7/21/2017
61.1544,Pocketbook Index,Canada,7/28/2017
61.9672,Pocketbook Index,Canada,8/4/2017
62.7894,Pocketbook Index,Canada,8/11/2017
63.1167,Pocketbook Index,Canada,8/18/2017
61.9045,Pocketbook Index,Canada,8/25/2017
60.8037,Pocketbook Index,Canada,9/1/2017
60.3526,Pocketbook Index,Canada,9/8/2017
59.4671,Pocketbook Index,Canada,9/15/2017
60.1956,Pocketbook Index,Canada,9/22/2017
59.8599,Pocketbook Index,Canada,9/29/2017
59.6109,Pocketbook Index,Canada,10/6/2017
60.1813,Pocketbook Index,Canada,10/13/2017
60.8797,Pocketbook Index,Canada,10/20/2017
61.0256,Pocketbook Index,Canada,10/27/2017
61.8943,Pocketbook Index,Canada,11/3/2017
61.5806,Pocketbook Index,Canada,11/10/2017
61.4516,Pocketbook Index,Canada,11/17/2017
61.0041,Pocketbook Index,Canada,11/24/2017
59.916,Pocketbook Index,Canada,12/1/2017
59.8823,Pocketbook Index,Canada,12/8/2017
61.5985,Pocketbook Index,Canada,12/15/2017
62.1019,Pocketbook Index,Canada,12/22/2017
63.3859,Pocketbook Index,Canada,12/29/2017
63.7944,Pocketbook Index,Canada,1/5/2018
61.0815,Pocketbook Index,Canada,1/12/2018
61.2548,Pocketbook Index,Canada,1/19/2018
60.7203,Pocketbook Index,Canada,1/26/2018
59.5232,Pocketbook Index,Canada,2/2/2018
60.2174,Pocketbook Index,Canada,2/9/2018
59.8498,Pocketbook Index,Canada,2/16/2018
59.5384,Pocketbook Index,Canada,2/23/2018
60.1226,Pocketbook Index,Canada,3/2/2018
59.2951,Pocketbook Index,Canada,3/9/2018
58.5973,Pocketbook Index,Canada,3/16/2018
59.1513,Pocketbook Index,Canada,3/23/2018
59.3883,Pocketbook Index,Canada,3/29/2018
60.4124,Pocketbook Index,Canada,4/6/2018
60.1746,Pocketbook Index,Canada,4/13/2018
60.7723,Pocketbook Index,Canada,4/20/2018
60.1564,Pocketbook Index,Canada,4/27/2018
60.3072,Pocketbook Index,Canada,5/4/2018
60.8577,Pocketbook Index,Canada,5/11/2018
60.1904,Pocketbook Index,Canada,5/18/2018
59.3351,Pocketbook Index,Canada,5/25/2018
59.6232,Pocketbook Index,Canada,6/1/2018
60.6207,Pocketbook Index,Canada,6/8/2018
60.9092,Pocketbook Index,Canada,6/15/2018
59.6915,Pocketbook Index,Canada,6/22/2018
59.669,Pocketbook Index,Canada,6/29/2018
59.2614,Pocketbook Index,Canada,7/6/2018
60.0594,Pocketbook Index,Canada,7/13/2018
60.5385,Pocketbook Index,Canada,7/20/2018
60.7001,Pocketbook Index,Canada,7/27/2018
61.0278,Pocketbook Index,Canada,8/3/2018
60.4421,Pocketbook Index,Canada,8/10/2018
60.8396,Pocketbook Index,Canada,8/17/2018
61.4776,Pocketbook Index,Canada,8/24/2018
61.4926,Pocketbook Index,Canada,8/31/2018
61.5526,Pocketbook Index,Canada,9/7/2018
61.4822,Pocketbook Index,Canada,9/14/2018
61.4494,Pocketbook Index,Canada,9/21/2018
60.7892,Pocketbook Index,Canada,9/28/2018
60.2389,Pocketbook Index,Canada,10/5/2018
60.1449,Pocketbook Index,Canada,10/12/2018
60.8475,Pocketbook Index,Canada,10/19/2018
61.3199,Pocketbook Index,Canada,10/26/2018
60.6406,Pocketbook Index,Canada,11/2/2018
60.5811,Pocketbook Index,Canada,11/9/2018
59.8101,Pocketbook Index,Canada,11/16/2018
59.5268,Pocketbook Index,Canada,11/23/2018
58.8069,Pocketbook Index,Canada,11/30/2018
59.6975,Pocketbook Index,Canada,12/7/2018
59.5355,Pocketbook Index,Canada,12/14/2018
60.3353,Pocketbook Index,Canada,12/21/2018
60.6391,Pocketbook Index,Canada,12/28/2018
60.5438,Pocketbook Index,Canada,1/4/2019
59.4808,Pocketbook Index,Canada,1/11/2019
59.546,Pocketbook Index,Canada,1/18/2019
59.0977,Pocketbook Index,Canada,1/25/2019
58.181,Pocketbook Index,Canada,2/1/2019
59.0188,Pocketbook Index,Canada,2/8/2019
59.7313,Pocketbook Index,Canada,2/15/2019
59.1603,Pocketbook Index,Canada,2/22/2019
60.3167,Pocketbook Index,Canada,3/1/2019
60.4254,Pocketbook Index,Canada,3/8/2019
60.3842,Pocketbook Index,Canada,3/15/2019
60.7759,Pocketbook Index,Canada,3/22/2019
60.9519,Pocketbook Index,Canada,3/29/2019
61.7125,Pocketbook Index,Canada,4/5/2019
61.9149,Pocketbook Index,Canada,4/12/2019
61.646,Pocketbook Index,Canada,4/19/2019
60.3704,Pocketbook Index,Canada,4/26/2019
59.6169,Pocketbook Index,Canada,5/3/2019
58.6366,Pocketbook Index,Canada,5/10/2019
58.0944,Pocketbook Index,Canada,5/17/2019
59.2645,Pocketbook Index,Canada,5/24/2019
58.2229,Pocketbook Index,Canada,5/31/2019
59.078,Pocketbook Index,Canada,6/7/2019
59.7872,Pocketbook Index,Canada,6/14/2019
60.7659,Pocketbook Index,Canada,6/21/2019
61.3183,Pocketbook Index,Canada,6/28/2019
61.6934,Pocketbook Index,Canada,7/5/2019
61.7925,Pocketbook Index,Canada,7/12/2019
60.897,Pocketbook Index,Canada,7/19/2019
61.1465,Pocketbook Index,Canada,7/26/2019
61.6762,Pocketbook Index,Canada,8/2/2019
60.8783,Pocketbook Index,Canada,8/9/2019
60.5799,Pocketbook Index,Canada,8/16/2019
60.7418,Pocketbook Index,Canada,8/23/2019
60.4245,Pocketbook Index,Canada,8/30/2019
60.911,Pocketbook Index,Canada,9/6/2019
61.0902,Pocketbook Index,Canada,9/13/2019
60.9258,Pocketbook Index,Canada,9/20/2019
60.5556,Pocketbook Index,Canada,9/27/2019
60.3822,Pocketbook Index,Canada,10/4/2019
60.1362,Pocketbook Index,Canada,10/11/2019
59.5695,Pocketbook Index,Canada,10/18/2019
59.7842,Pocketbook Index,Canada,10/25/2019
58.9108,Pocketbook Index,Canada,11/1/2019
59.7997,Pocketbook Index,Canada,11/8/2019
59.0975,Pocketbook Index,Canada,11/15/2019
57.5901,Pocketbook Index,Canada,11/22/2019
57.7033,Pocketbook Index,Canada,11/29/2019
57.3301,Pocketbook Index,Canada,12/6/2019
58.2452,Pocketbook Index,Canada,12/13/2019
59.7841,Pocketbook Index,Canada,12/20/2019
59.9131,Pocketbook Index,Canada,12/27/2019
59.8492,Pocketbook Index,Canada,1/3/2020
60.0725,Pocketbook Index,Canada,1/10/2020
59.1781,Pocketbook Index,Canada,1/17/2020
58.6204,Pocketbook Index,Canada,1/24/2020
58.0982,Pocketbook Index,Canada,1/31/2020
57.3217,Pocketbook Index,Canada,2/7/2020
58.1864,Pocketbook Index,Canada,2/14/2020
58.6793,Pocketbook Index,Canada,2/21/2020
58.1446,Pocketbook Index,Canada,2/28/2020
58.8146,Pocketbook Index,Canada,3/6/2020
58.8138,Pocketbook Index,Canada,3/13/2020
58.7159,Pocketbook Index,Canada,3/20/2020
57.3575,Pocketbook Index,Canada,3/27/2020
54.8501,Pocketbook Index,Canada,4/3/2020
52.0621,Pocketbook Index,Canada,4/10/2020
50.8571,Pocketbook Index,Canada,4/17/2020
50.0021,Pocketbook Index,Canada,4/24/2020
50.57,Pocketbook Index,Canada,5/1/2020
51.46,Pocketbook Index,Canada,5/8/2020
52.15,Pocketbook Index,Canada,5/15/2020
53.16,Pocketbook Index,Canada,5/22/2020
53.32,Pocketbook Index,Canada,5/29/2020
53.94,Pocketbook Index,Canada,6/5/2020
53.6,Pocketbook Index,Canada,6/12/2020
53.78,Pocketbook Index,Canada,6/19/2020
54.17,Pocketbook Index,Canada,6/26/2020
53.86,Pocketbook Index,Canada,7/3/2020
53.34,Pocketbook Index,Canada,7/10/2020
53.54,Pocketbook Index,Canada,7/17/2020
54.09,Pocketbook Index,Canada,7/24/2020
54.51,Pocketbook Index,Canada,7/31/2020
55.4,Pocketbook Index,Canada,8/7/2020
54.83,Pocketbook Index,Canada,8/14/2020
56.06,Pocketbook Index,Canada,8/21/2020
56.14,Pocketbook Index,Canada,8/28/2020
56.48,Pocketbook Index,Canada,9/4/2020
56.97,Pocketbook Index,Canada,9/11/2020
56.93,Pocketbook Index,Canada,9/18/2020
57.21,Pocketbook Index,Canada,9/25/2020
57.27,Pocketbook Index,Canada,10/2/2020
56.95,Pocketbook Index,Canada,10/9/2020
56.89,Pocketbook Index,Canada,10/16/2020
56.91,Pocketbook Index,Canada,10/23/2020
57.96,Pocketbook Index,Canada,10/30/2020
58.17,Pocketbook Index,Canada,11/6/2020
57.51,Pocketbook Index,Canada,11/13/2020
57.13,Pocketbook Index,Canada,11/20/2020
56.39,Pocketbook Index,Canada,11/27/2020
57.06,Pocketbook Index,Canada,12/4/2020
57.14,Pocketbook Index,Canada,12/11/2020
57.79,Pocketbook Index,Canada,12/18/2020
57.43,Pocketbook Index,Canada,12/25/2020
58.12,Pocketbook Index,Canada,1/1/2021
58.64,Pocketbook Index,Canada,1/8/2021
58.68,Pocketbook Index,Canada,1/15/2021
58.95,Pocketbook Index,Canada,1/22/2021
58.11,Pocketbook Index,Canada,1/29/2021
57.85,Pocketbook Index,Canada,2/5/2021
57.73,Pocketbook Index,Canada,2/12/2021
58.82,Pocketbook Index,Canada,2/19/2021
59.27,Pocketbook Index,Canada,2/26/2021
59.93,Pocketbook Index,Canada,3/5/2021
60.49,Pocketbook Index,Canada,3/12/2021
59.59,Pocketbook Index,Canada,3/19/2021
60.23,Pocketbook Index,Canada,3/26/2021
59.92,Pocketbook Index,Canada,4/2/2021
60.37,Pocketbook Index,Canada,4/9/2021
60.79,Pocketbook Index,Canada,4/16/2021
57.7726,Pocketbook Index,Ontario,6/30/2008
54.5238,Pocketbook Index,Ontario,9/30/2008
54.6375,Pocketbook Index,Ontario,12/31/2008
50.2606,Pocketbook Index,Ontario,3/31/2009
50.6002,Pocketbook Index,Ontario,6/30/2009
50.3998,Pocketbook Index,Ontario,9/30/2009
56.5364,Pocketbook Index,Ontario,12/31/2009
57.4301,Pocketbook Index,Ontario,3/31/2010
56.5333,Pocketbook Index,Ontario,6/30/2010
60.9678,Pocketbook Index,Ontario,9/30/2010
59.3,Pocketbook Index,Ontario,12/31/2010
61.7319,Pocketbook Index,Ontario,3/31/2011
60.6272,Pocketbook Index,Ontario,6/30/2011
61.4188,Pocketbook Index,Ontario,9/30/2011
60.9737,Pocketbook Index,Ontario,12/31/2011
55.5633,Pocketbook Index,Ontario,2/28/2012
55.1057,Pocketbook Index,Ontario,3/31/2012
52.4284,Pocketbook Index,Ontario,4/30/2012
50.3702,Pocketbook Index,Ontario,5/31/2012
50.1381,Pocketbook Index,Ontario,6/30/2012
47.5086,Pocketbook Index,Ontario,7/31/2012
52.352,Pocketbook Index,Ontario,8/31/2012
51.2942,Pocketbook Index,Ontario,9/30/2012
53.3023,Pocketbook Index,Ontario,10/31/2012
48.2579,Pocketbook Index,Ontario,11/30/2012
47.5123,Pocketbook Index,Ontario,12/31/2012
51.5767,Pocketbook Index,Ontario,1/31/2013
51.3007,Pocketbook Index,Ontario,2/28/2013
47.6097,Pocketbook Index,Ontario,3/31/2013
54.6766,Pocketbook Index,Ontario,4/30/2013
49.7035,Pocketbook Index,Ontario,5/24/2013
53.4548,Pocketbook Index,Ontario,5/31/2013
58.9699,Pocketbook Index,Ontario,6/7/2013
59.908,Pocketbook Index,Ontario,6/14/2013
59.7599,Pocketbook Index,Ontario,6/21/2013
60.8001,Pocketbook Index,Ontario,6/28/2013
61.1463,Pocketbook Index,Ontario,7/5/2013
57.3568,Pocketbook Index,Ontario,7/12/2013
57.1546,Pocketbook Index,Ontario,7/19/2013
57.0129,Pocketbook Index,Ontario,7/26/2013
58.353,Pocketbook Index,Ontario,8/2/2013
56.9471,Pocketbook Index,Ontario,8/9/2013
56.3542,Pocketbook Index,Ontario,8/16/2013
56.1318,Pocketbook Index,Ontario,8/23/2013
55.6583,Pocketbook Index,Ontario,8/30/2013
56.5326,Pocketbook Index,Ontario,9/6/2013
57.0471,Pocketbook Index,Ontario,9/13/2013
57.3364,Pocketbook Index,Ontario,9/20/2013
59.2818,Pocketbook Index,Ontario,9/27/2013
58.6918,Pocketbook Index,Ontario,10/4/2013
58.9431,Pocketbook Index,Ontario,10/11/2013
56.6898,Pocketbook Index,Ontario,10/18/2013
55.8385,Pocketbook Index,Ontario,10/25/2013
56.5398,Pocketbook Index,Ontario,11/1/2013
57.1458,Pocketbook Index,Ontario,11/8/2013
59.8361,Pocketbook Index,Ontario,11/15/2013
60.7172,Pocketbook Index,Ontario,11/22/2013
59.6204,Pocketbook Index,Ontario,11/29/2013
59.5266,Pocketbook Index,Ontario,12/6/2013
59.4539,Pocketbook Index,Ontario,12/13/2013
59.0305,Pocketbook Index,Ontario,12/20/2013
61.3048,Pocketbook Index,Ontario,12/27/2013
61.0378,Pocketbook Index,Ontario,1/3/2014
60.9978,Pocketbook Index,Ontario,1/10/2014
58.6519,Pocketbook Index,Ontario,1/17/2014
55.9669,Pocketbook Index,Ontario,1/24/2014
55.0419,Pocketbook Index,Ontario,1/31/2014
53.8224,Pocketbook Index,Ontario,2/7/2014
56.4229,Pocketbook Index,Ontario,2/14/2014
56.7089,Pocketbook Index,Ontario,2/21/2014
59.0846,Pocketbook Index,Ontario,2/28/2014
59.4058,Pocketbook Index,Ontario,3/7/2014
57.5565,Pocketbook Index,Ontario,3/14/2014
59.4758,Pocketbook Index,Ontario,3/21/2014
58.0362,Pocketbook Index,Ontario,3/28/2014
58.6702,Pocketbook Index,Ontario,4/4/2014
58.9889,Pocketbook Index,Ontario,4/11/2014
58.2683,Pocketbook Index,Ontario,4/18/2014
58.6855,Pocketbook Index,Ontario,4/25/2014
57.6796,Pocketbook Index,Ontario,5/2/2014
56.7704,Pocketbook Index,Ontario,5/9/2014
58.1531,Pocketbook Index,Ontario,5/16/2014
56.6278,Pocketbook Index,Ontario,5/23/2014
57.2288,Pocketbook Index,Ontario,5/30/2014
57.031,Pocketbook Index,Ontario,6/6/2014
55.0859,Pocketbook Index,Ontario,6/13/2014
54.1357,Pocketbook Index,Ontario,6/20/2014
55.0686,Pocketbook Index,Ontario,6/27/2014
57.0859,Pocketbook Index,Ontario,7/4/2014
58.0688,Pocketbook Index,Ontario,7/11/2014
60.1531,Pocketbook Index,Ontario,7/18/2014
57.2232,Pocketbook Index,Ontario,7/25/2014
55.0808,Pocketbook Index,Ontario,8/1/2014
55.0767,Pocketbook Index,Ontario,8/8/2014
56.0865,Pocketbook Index,Ontario,8/15/2014
59.0029,Pocketbook Index,Ontario,8/22/2014
60.2882,Pocketbook Index,Ontario,8/29/2014
60.4775,Pocketbook Index,Ontario,9/5/2014
59.1914,Pocketbook Index,Ontario,9/12/2014
59.1717,Pocketbook Index,Ontario,9/19/2014
59.4791,Pocketbook Index,Ontario,9/26/2014
59.2525,Pocketbook Index,Ontario,10/3/2014
59.9035,Pocketbook Index,Ontario,10/10/2014
58.6649,Pocketbook Index,Ontario,10/17/2014
59.1376,Pocketbook Index,Ontario,10/24/2014
59.63,Pocketbook Index,Ontario,10/31/2014
58.6429,Pocketbook Index,Ontario,11/7/2014
59.9427,Pocketbook Index,Ontario,11/14/2014
58.3748,Pocketbook Index,Ontario,11/21/2014
57.5844,Pocketbook Index,Ontario,11/28/2014
57.4707,Pocketbook Index,Ontario,12/5/2014
58.4443,Pocketbook Index,Ontario,12/12/2014
59.2383,Pocketbook Index,Ontario,12/19/2014
59.6706,Pocketbook Index,Ontario,12/26/2014
62.1535,Pocketbook Index,Ontario,1/2/2015
61.7892,Pocketbook Index,Ontario,1/9/2015
63.5224,Pocketbook Index,Ontario,1/16/2015
63.9078,Pocketbook Index,Ontario,1/23/2015
62.8464,Pocketbook Index,Ontario,1/30/2015
62.6162,Pocketbook Index,Ontario,2/6/2015
62.5802,Pocketbook Index,Ontario,2/13/2015
62.9091,Pocketbook Index,Ontario,2/20/2015
63.0744,Pocketbook Index,Ontario,2/27/2015
63.2535,Pocketbook Index,Ontario,3/6/2015
61.8401,Pocketbook Index,Ontario,3/13/2015
60.3114,Pocketbook Index,Ontario,3/20/2015
59.2177,Pocketbook Index,Ontario,3/27/2015
58.8917,Pocketbook Index,Ontario,4/3/2015
60.2915,Pocketbook Index,Ontario,4/10/2015
61.8112,Pocketbook Index,Ontario,4/17/2015
63.2514,Pocketbook Index,Ontario,4/24/2015
62.3808,Pocketbook Index,Ontario,5/1/2015
62.5101,Pocketbook Index,Ontario,5/8/2015
60.2463,Pocketbook Index,Ontario,5/15/2015
61.6021,Pocketbook Index,Ontario,5/22/2015
60.6741,Pocketbook Index,Ontario,5/29/2015
58.0664,Pocketbook Index,Ontario,6/5/2015
60.5825,Pocketbook Index,Ontario,6/12/2015
58.5418,Pocketbook Index,Ontario,6/19/2015
60.8745,Pocketbook Index,Ontario,6/26/2015
61.2635,Pocketbook Index,Ontario,7/3/2015
59.545,Pocketbook Index,Ontario,7/10/2015
60.2922,Pocketbook Index,Ontario,7/17/2015
58.6394,Pocketbook Index,Ontario,7/24/2015
59.0642,Pocketbook Index,Ontario,7/31/2015
60.9561,Pocketbook Index,Ontario,8/7/2015
61.5001,Pocketbook Index,Ontario,8/14/2015
61.7255,Pocketbook Index,Ontario,8/21/2015
62.6801,Pocketbook Index,Ontario,8/28/2015
61.9868,Pocketbook Index,Ontario,9/4/2015
60.1143,Pocketbook Index,Ontario,9/11/2015
58.4399,Pocketbook Index,Ontario,9/18/2015
58.5616,Pocketbook Index,Ontario,9/25/2015
59.4809,Pocketbook Index,Ontario,10/2/2015
59.5922,Pocketbook Index,Ontario,10/9/2015
61.3993,Pocketbook Index,Ontario,10/16/2015
60.9662,Pocketbook Index,Ontario,10/23/2015
60.2908,Pocketbook Index,Ontario,10/30/2015
60.4602,Pocketbook Index,Ontario,11/6/2015
59.7319,Pocketbook Index,Ontario,11/13/2015
58.3836,Pocketbook Index,Ontario,11/20/2015
57.987,Pocketbook Index,Ontario,11/27/2015
58.4492,Pocketbook Index,Ontario,12/4/2015
58.528,Pocketbook Index,Ontario,12/11/2015
61.6695,Pocketbook Index,Ontario,12/18/2015
60.0627,Pocketbook Index,Ontario,12/25/2015
58.8153,Pocketbook Index,Ontario,1/1/2016
58.6587,Pocketbook Index,Ontario,1/8/2016
56.2415,Pocketbook Index,Ontario,1/15/2016
56.7939,Pocketbook Index,Ontario,1/22/2016
56.4872,Pocketbook Index,Ontario,1/29/2016
57.1282,Pocketbook Index,Ontario,2/5/2016
56.2486,Pocketbook Index,Ontario,2/12/2016
56.3962,Pocketbook Index,Ontario,2/19/2016
57.1624,Pocketbook Index,Ontario,2/26/2016
56.6615,Pocketbook Index,Ontario,3/4/2016
59.4278,Pocketbook Index,Ontario,3/11/2016
59.9492,Pocketbook Index,Ontario,3/18/2016
58.5487,Pocketbook Index,Ontario,3/25/2016
58.7025,Pocketbook Index,Ontario,4/1/2016
58.5937,Pocketbook Index,Ontario,4/8/2016
58.7118,Pocketbook Index,Ontario,4/15/2016
59.7384,Pocketbook Index,Ontario,4/22/2016
60.1245,Pocketbook Index,Ontario,4/29/2016
57.8723,Pocketbook Index,Ontario,5/6/2016
56.9073,Pocketbook Index,Ontario,5/13/2016
57.6316,Pocketbook Index,Ontario,5/20/2016
57.5165,Pocketbook Index,Ontario,5/27/2016
59.3609,Pocketbook Index,Ontario,6/3/2016
59.9999,Pocketbook Index,Ontario,6/10/2016
59.3153,Pocketbook Index,Ontario,6/17/2016
58.5564,Pocketbook Index,Ontario,6/24/2016
58.1582,Pocketbook Index,Ontario,6/30/2016
58.6405,Pocketbook Index,Ontario,7/8/2016
60.0766,Pocketbook Index,Ontario,7/15/2016
60.6256,Pocketbook Index,Ontario,7/22/2016
60.778,Pocketbook Index,Ontario,7/29/2016
60.8795,Pocketbook Index,Ontario,8/5/2016
61.0098,Pocketbook Index,Ontario,8/12/2016
62.0834,Pocketbook Index,Ontario,8/19/2016
65.0672,Pocketbook Index,Ontario,8/26/2016
65.1117,Pocketbook Index,Ontario,9/2/2016
63.1628,Pocketbook Index,Ontario,9/9/2016
61.6687,Pocketbook Index,Ontario,9/16/2016
59.6997,Pocketbook Index,Ontario,9/23/2016
58.1197,Pocketbook Index,Ontario,9/30/2016
58.8089,Pocketbook Index,Ontario,10/7/2016
57.5417,Pocketbook Index,Ontario,10/14/2016
56.8988,Pocketbook Index,Ontario,10/21/2016
57.996,Pocketbook Index,Ontario,10/28/2016
57.9392,Pocketbook Index,Ontario,11/4/2016
59.0625,Pocketbook Index,Ontario,11/11/2016
59.5295,Pocketbook Index,Ontario,11/18/2016
59.8723,Pocketbook Index,Ontario,11/25/2016
57.9142,Pocketbook Index,Ontario,12/2/2016
57.6464,Pocketbook Index,Ontario,12/9/2016
56.2575,Pocketbook Index,Ontario,12/16/2016
56.1618,Pocketbook Index,Ontario,12/23/2016
57.8563,Pocketbook Index,Ontario,12/30/2016
58.1444,Pocketbook Index,Ontario,1/6/2017
58.7042,Pocketbook Index,Ontario,1/13/2017
57.8819,Pocketbook Index,Ontario,1/20/2017
56.365,Pocketbook Index,Ontario,1/27/2017
57.3434,Pocketbook Index,Ontario,2/3/2017
57.3031,Pocketbook Index,Ontario,2/10/2017
56.2426,Pocketbook Index,Ontario,2/17/2017
56.6259,Pocketbook Index,Ontario,2/24/2017
56.5304,Pocketbook Index,Ontario,3/3/2017
57.5379,Pocketbook Index,Ontario,3/10/2017
58.4415,Pocketbook Index,Ontario,3/17/2017
57.4613,Pocketbook Index,Ontario,3/24/2017
59.4124,Pocketbook Index,Ontario,3/31/2017
59.4265,Pocketbook Index,Ontario,4/7/2017
58.401,Pocketbook Index,Ontario,4/13/2017
60.1824,Pocketbook Index,Ontario,4/21/2017
60.0409,Pocketbook Index,Ontario,4/28/2017
58.8578,Pocketbook Index,Ontario,5/5/2017
60.4408,Pocketbook Index,Ontario,5/12/2017
60.0184,Pocketbook Index,Ontario,5/19/2017
60.7635,Pocketbook Index,Ontario,5/26/2017
60.7672,Pocketbook Index,Ontario,6/2/2017
58.7001,Pocketbook Index,Ontario,6/9/2017
58.5617,Pocketbook Index,Ontario,6/16/2017
54.9973,Pocketbook Index,Ontario,6/23/2017
55.7664,Pocketbook Index,Ontario,6/30/2017
58.2438,Pocketbook Index,Ontario,7/7/2017
58.9938,Pocketbook Index,Ontario,7/14/2017
62.3249,Pocketbook Index,Ontario,7/21/2017
62.1512,Pocketbook Index,Ontario,7/28/2017
62.7448,Pocketbook Index,Ontario,8/4/2017
63.2431,Pocketbook Index,Ontario,8/11/2017
61.9002,Pocketbook Index,Ontario,8/18/2017
60.2608,Pocketbook Index,Ontario,8/25/2017
58.1224,Pocketbook Index,Ontario,9/1/2017
57.975,Pocketbook Index,Ontario,9/8/2017
57.852,Pocketbook Index,Ontario,9/15/2017
60.4978,Pocketbook Index,Ontario,9/22/2017
61.2519,Pocketbook Index,Ontario,9/29/2017
61.3817,Pocketbook Index,Ontario,10/6/2017
63.6076,Pocketbook Index,Ontario,10/13/2017
63.3259,Pocketbook Index,Ontario,10/20/2017
63.108,Pocketbook Index,Ontario,10/27/2017
63.6043,Pocketbook Index,Ontario,11/3/2017
62.7934,Pocketbook Index,Ontario,11/10/2017
60.9695,Pocketbook Index,Ontario,11/17/2017
61.6412,Pocketbook Index,Ontario,11/24/2017
59.6364,Pocketbook Index,Ontario,12/1/2017
59.8251,Pocketbook Index,Ontario,12/8/2017
62.7741,Pocketbook Index,Ontario,12/15/2017
62.5364,Pocketbook Index,Ontario,12/22/2017
63.0375,Pocketbook Index,Ontario,12/29/2017
61.5925,Pocketbook Index,Ontario,1/5/2018
58.1638,Pocketbook Index,Ontario,1/12/2018
57.9811,Pocketbook Index,Ontario,1/19/2018
57.9386,Pocketbook Index,Ontario,1/26/2018
57.3262,Pocketbook Index,Ontario,2/2/2018
59.8036,Pocketbook Index,Ontario,2/9/2018
58.8834,Pocketbook Index,Ontario,2/16/2018
58.0918,Pocketbook Index,Ontario,2/23/2018
60.0933,Pocketbook Index,Ontario,3/2/2018
57.5749,Pocketbook Index,Ontario,3/9/2018
57.8303,Pocketbook Index,Ontario,3/16/2018
58.3407,Pocketbook Index,Ontario,3/23/2018
57.8835,Pocketbook Index,Ontario,3/29/2018
59.679,Pocketbook Index,Ontario,4/6/2018
57.6891,Pocketbook Index,Ontario,4/13/2018
57.1911,Pocketbook Index,Ontario,4/20/2018
56.8568,Pocketbook Index,Ontario,4/27/2018
57.4103,Pocketbook Index,Ontario,5/4/2018
56.715,Pocketbook Index,Ontario,5/11/2018
57.5946,Pocketbook Index,Ontario,5/18/2018
57.9839,Pocketbook Index,Ontario,5/25/2018
57.6101,Pocketbook Index,Ontario,6/1/2018
59.82,Pocketbook Index,Ontario,6/8/2018
59.8855,Pocketbook Index,Ontario,6/15/2018
58.1117,Pocketbook Index,Ontario,6/22/2018
59.2922,Pocketbook Index,Ontario,6/29/2018
59.0705,Pocketbook Index,Ontario,7/6/2018
60.1507,Pocketbook Index,Ontario,7/13/2018
60.6461,Pocketbook Index,Ontario,7/20/2018
60.8069,Pocketbook Index,Ontario,7/27/2018
60.1006,Pocketbook Index,Ontario,8/3/2018
57.8019,Pocketbook Index,Ontario,8/10/2018
60.0309,Pocketbook Index,Ontario,8/17/2018
61.4816,Pocketbook Index,Ontario,8/24/2018
63.3803,Pocketbook Index,Ontario,8/31/2018
63.9853,Pocketbook Index,Ontario,9/7/2018
63.8652,Pocketbook Index,Ontario,9/14/2018
62.8629,Pocketbook Index,Ontario,9/21/2018
62.0469,Pocketbook Index,Ontario,9/28/2018
60.6161,Pocketbook Index,Ontario,10/5/2018
61.8153,Pocketbook Index,Ontario,10/12/2018
62.9776,Pocketbook Index,Ontario,10/19/2018
62.7366,Pocketbook Index,Ontario,10/26/2018
62.059,Pocketbook Index,Ontario,11/2/2018
61.5381,Pocketbook Index,Ontario,11/9/2018
59.9948,Pocketbook Index,Ontario,11/16/2018
60.1602,Pocketbook Index,Ontario,11/23/2018
59.0732,Pocketbook Index,Ontario,11/30/2018
60.1361,Pocketbook Index,Ontario,12/7/2018
58.8505,Pocketbook Index,Ontario,12/14/2018
58.4413,Pocketbook Index,Ontario,12/21/2018
59.1626,Pocketbook Index,Ontario,12/28/2018
59.679,Pocketbook Index,Ontario,1/4/2019
59.3164,Pocketbook Index,Ontario,1/11/2019
59.9834,Pocketbook Index,Ontario,1/18/2019
58.6642,Pocketbook Index,Ontario,1/25/2019
58.0121,Pocketbook Index,Ontario,2/1/2019
58.2652,Pocketbook Index,Ontario,2/8/2019
59.936,Pocketbook Index,Ontario,2/15/2019
60.5154,Pocketbook Index,Ontario,2/22/2019
61.7555,Pocketbook Index,Ontario,3/1/2019
61.6357,Pocketbook Index,Ontario,3/8/2019
60.5231,Pocketbook Index,Ontario,3/15/2019
60.4006,Pocketbook Index,Ontario,3/22/2019
59.7021,Pocketbook Index,Ontario,3/29/2019
59.5053,Pocketbook Index,Ontario,4/5/2019
60.4291,Pocketbook Index,Ontario,4/12/2019
60.1621,Pocketbook Index,Ontario,4/19/2019
59.3662,Pocketbook Index,Ontario,4/26/2019
59.7553,Pocketbook Index,Ontario,5/3/2019
58.9966,Pocketbook Index,Ontario,5/10/2019
58.6256,Pocketbook Index,Ontario,5/17/2019
59.1134,Pocketbook Index,Ontario,5/24/2019
56.9658,Pocketbook Index,Ontario,5/31/2019
57.649,Pocketbook Index,Ontario,6/7/2019
57.5364,Pocketbook Index,Ontario,6/14/2019
58.1376,Pocketbook Index,Ontario,6/21/2019
60.0173,Pocketbook Index,Ontario,6/28/2019
61.3383,Pocketbook Index,Ontario,7/5/2019
61.6634,Pocketbook Index,Ontario,7/12/2019
60.9547,Pocketbook Index,Ontario,7/19/2019
59.8676,Pocketbook Index,Ontario,7/26/2019
60.3348,Pocketbook Index,Ontario,8/2/2019
58.9906,Pocketbook Index,Ontario,8/9/2019
58.6949,Pocketbook Index,Ontario,8/16/2019
60.0939,Pocketbook Index,Ontario,8/23/2019
58.3108,Pocketbook Index,Ontario,8/30/2019
59.563,Pocketbook Index,Ontario,9/6/2019
59.6521,Pocketbook Index,Ontario,9/13/2019
59.4465,Pocketbook Index,Ontario,9/20/2019
60.4596,Pocketbook Index,Ontario,9/27/2019
59.9776,Pocketbook Index,Ontario,10/4/2019
59.4929,Pocketbook Index,Ontario,10/11/2019
58.8477,Pocketbook Index,Ontario,10/18/2019
58.665,Pocketbook Index,Ontario,10/25/2019
58.5943,Pocketbook Index,Ontario,11/1/2019
59.9054,Pocketbook Index,Ontario,11/8/2019
59.4454,Pocketbook Index,Ontario,11/15/2019
56.8753,Pocketbook Index,Ontario,11/22/2019
54.843,Pocketbook Index,Ontario,11/29/2019
54.0044,Pocketbook Index,Ontario,12/6/2019
56.5896,Pocketbook Index,Ontario,12/13/2019
58.5753,Pocketbook Index,Ontario,12/20/2019
59.7985,Pocketbook Index,Ontario,12/27/2019
59.0452,Pocketbook Index,Ontario,1/3/2020
58.8806,Pocketbook Index,Ontario,1/10/2020
59.52,Pocketbook Index,Ontario,1/17/2020
58.6864,Pocketbook Index,Ontario,1/24/2020
58.6643,Pocketbook Index,Ontario,1/31/2020
57.0734,Pocketbook Index,Ontario,2/7/2020
57.1525,Pocketbook Index,Ontario,2/14/2020
58.2216,Pocketbook Index,Ontario,2/21/2020
58.6715,Pocketbook Index,Ontario,2/28/2020
60.2698,Pocketbook Index,Ontario,3/6/2020
60.3362,Pocketbook Index,Ontario,3/13/2020
60.2521,Pocketbook Index,Ontario,3/20/2020
58.6796,Pocketbook Index,Ontario,3/27/2020
56.752,Pocketbook Index,Ontario,4/3/2020
53.8806,Pocketbook Index,Ontario,4/10/2020
52.1857,Pocketbook Index,Ontario,4/17/2020
50.6983,Pocketbook Index,Ontario,4/24/2020
48.72,Pocketbook Index,Ontario,5/1/2020
49.27,Pocketbook Index,Ontario,5/8/2020
51.29,Pocketbook Index,Ontario,5/15/2020
50.35,Pocketbook Index,Ontario,5/22/2020
52.02,Pocketbook Index,Ontario,5/29/2020
52.95,Pocketbook Index,Ontario,6/5/2020
51.29,Pocketbook Index,Ontario,6/12/2020
54.32,Pocketbook Index,Ontario,6/19/2020
55.38,Pocketbook Index,Ontario,6/26/2020
54.82,Pocketbook Index,Ontario,7/3/2020
54.21,Pocketbook Index,Ontario,7/10/2020
55.24,Pocketbook Index,Ontario,7/17/2020
54.5,Pocketbook Index,Ontario,7/24/2020
55.08,Pocketbook Index,Ontario,7/31/2020
56.13,Pocketbook Index,Ontario,8/7/2020
56.69,Pocketbook Index,Ontario,8/14/2020
58.62,Pocketbook Index,Ontario,8/21/2020
58.51,Pocketbook Index,Ontario,8/28/2020
57.9,Pocketbook Index,Ontario,9/4/2020
57.78,Pocketbook Index,Ontario,9/11/2020
56.46,Pocketbook Index,Ontario,9/18/2020
57.1,Pocketbook Index,Ontario,9/25/2020
58.81,Pocketbook Index,Ontario,10/2/2020
59.52,Pocketbook Index,Ontario,10/9/2020
59.52,Pocketbook Index,Ontario,10/16/2020
59.23,Pocketbook Index,Ontario,10/23/2020
59.19,Pocketbook Index,Ontario,10/30/2020
57.68,Pocketbook Index,Ontario,11/6/2020
57.92,Pocketbook Index,Ontario,11/13/2020
56.12,Pocketbook Index,Ontario,11/20/2020
54.74,Pocketbook Index,Ontario,11/27/2020
57.93,Pocketbook Index,Ontario,12/4/2020
57.93,Pocketbook Index,Ontario,12/11/2020
60.2,Pocketbook Index,Ontario,12/18/2020
59.67,Pocketbook Index,Ontario,12/25/2020
58.44,Pocketbook Index,Ontario,1/1/2021
58.07,Pocketbook Index,Ontario,1/8/2021
57.03,Pocketbook Index,Ontario,1/15/2021
58.09,Pocketbook Index,Ontario,1/22/2021
57.3,Pocketbook Index,Ontario,1/29/2021
58.28,Pocketbook Index,Ontario,2/5/2021
57.99,Pocketbook Index,Ontario,2/12/2021
58.09,Pocketbook Index,Ontario,2/19/2021
60.22,Pocketbook Index,Ontario,2/26/2021
61.25,Pocketbook Index,Ontario,3/5/2021
62.21,Pocketbook Index,Ontario,3/12/2021
61.64,Pocketbook Index,Ontario,3/19/2021
61,Pocketbook Index,Ontario,3/26/2021
58.86,Pocketbook Index,Ontario,4/2/2021
59.32,Pocketbook Index,Ontario,4/9/2021
60.02,Pocketbook Index,Ontario,4/16/2021
50.5645,Pocketbook Index,Quebec,6/30/2008
55.7395,Pocketbook Index,Quebec,9/30/2008
51.1012,Pocketbook Index,Quebec,12/31/2008
53.4195,Pocketbook Index,Quebec,3/31/2009
54.7585,Pocketbook Index,Quebec,6/30/2009
51.2491,Pocketbook Index,Quebec,9/30/2009
53.3267,Pocketbook Index,Quebec,12/31/2009
54.4054,Pocketbook Index,Quebec,3/31/2010
58.4984,Pocketbook Index,Quebec,6/30/2010
55.6452,Pocketbook Index,Quebec,9/30/2010
59.667,Pocketbook Index,Quebec,12/31/2010
56.4932,Pocketbook Index,Quebec,3/31/2011
52.531,Pocketbook Index,Quebec,6/30/2011
54.0617,Pocketbook Index,Quebec,9/30/2011
49.1346,Pocketbook Index,Quebec,12/31/2011
52.804,Pocketbook Index,Quebec,2/28/2012
53.8208,Pocketbook Index,Quebec,3/31/2012
50.1306,Pocketbook Index,Quebec,4/30/2012
50.8152,Pocketbook Index,Quebec,5/31/2012
51.8283,Pocketbook Index,Quebec,6/30/2012
52.208,Pocketbook Index,Quebec,7/31/2012
50.4722,Pocketbook Index,Quebec,8/31/2012
50.4514,Pocketbook Index,Quebec,9/30/2012
51.8625,Pocketbook Index,Quebec,10/31/2012
50.2754,Pocketbook Index,Quebec,11/30/2012
50.6556,Pocketbook Index,Quebec,12/31/2012
53.4633,Pocketbook Index,Quebec,1/31/2013
45.748,Pocketbook Index,Quebec,2/28/2013
50.8011,Pocketbook Index,Quebec,3/31/2013
50.9265,Pocketbook Index,Quebec,4/30/2013
52.4591,Pocketbook Index,Quebec,5/24/2013
53.1687,Pocketbook Index,Quebec,5/31/2013
57.2135,Pocketbook Index,Quebec,6/7/2013
56.5349,Pocketbook Index,Quebec,6/14/2013
56.0502,Pocketbook Index,Quebec,6/21/2013
59.4137,Pocketbook Index,Quebec,6/28/2013
59.9527,Pocketbook Index,Quebec,7/5/2013
60.4641,Pocketbook Index,Quebec,7/12/2013
61.5924,Pocketbook Index,Quebec,7/19/2013
61.1146,Pocketbook Index,Quebec,7/26/2013
60.4344,Pocketbook Index,Quebec,8/2/2013
59.0195,Pocketbook Index,Quebec,8/9/2013
57.9313,Pocketbook Index,Quebec,8/16/2013
56.2686,Pocketbook Index,Quebec,8/23/2013
58.5443,Pocketbook Index,Quebec,8/30/2013
60.3652,Pocketbook Index,Quebec,9/6/2013
60.6169,Pocketbook Index,Quebec,9/13/2013
60.5999,Pocketbook Index,Quebec,9/20/2013
60.7431,Pocketbook Index,Quebec,9/27/2013
60.2671,Pocketbook Index,Quebec,10/4/2013
60.8738,Pocketbook Index,Quebec,10/11/2013
61.3838,Pocketbook Index,Quebec,10/18/2013
59.7831,Pocketbook Index,Quebec,10/25/2013
60.9865,Pocketbook Index,Quebec,11/1/2013
60.0145,Pocketbook Index,Quebec,11/8/2013
61.1071,Pocketbook Index,Quebec,11/15/2013
61.4872,Pocketbook Index,Quebec,11/22/2013
59.9255,Pocketbook Index,Quebec,11/29/2013
61.1009,Pocketbook Index,Quebec,12/6/2013
59.7527,Pocketbook Index,Quebec,12/13/2013
59.7501,Pocketbook Index,Quebec,12/20/2013
60.8583,Pocketbook Index,Quebec,12/27/2013
61.5009,Pocketbook Index,Quebec,1/3/2014
61.1672,Pocketbook Index,Quebec,1/10/2014
60.8577,Pocketbook Index,Quebec,1/17/2014
60.0278,Pocketbook Index,Quebec,1/24/2014
58.4619,Pocketbook Index,Quebec,1/31/2014
60.2123,Pocketbook Index,Quebec,2/7/2014
61.8399,Pocketbook Index,Quebec,2/14/2014
62.764,Pocketbook Index,Quebec,2/21/2014
64.4826,Pocketbook Index,Quebec,2/28/2014
65.3702,Pocketbook Index,Quebec,3/7/2014
63.1024,Pocketbook Index,Quebec,3/14/2014
60.5643,Pocketbook Index,Quebec,3/21/2014
59.3871,Pocketbook Index,Quebec,3/28/2014
56.0342,Pocketbook Index,Quebec,4/4/2014
57.0658,Pocketbook Index,Quebec,4/11/2014
57.3461,Pocketbook Index,Quebec,4/18/2014
56.7991,Pocketbook Index,Quebec,4/25/2014
57.711,Pocketbook Index,Quebec,5/2/2014
57.4026,Pocketbook Index,Quebec,5/9/2014
59.5995,Pocketbook Index,Quebec,5/16/2014
60.4999,Pocketbook Index,Quebec,5/23/2014
60.8016,Pocketbook Index,Quebec,5/30/2014
61.5504,Pocketbook Index,Quebec,6/6/2014
61.8131,Pocketbook Index,Quebec,6/13/2014
61.2199,Pocketbook Index,Quebec,6/20/2014
61.2505,Pocketbook Index,Quebec,6/27/2014
59.9571,Pocketbook Index,Quebec,7/4/2014
57.7067,Pocketbook Index,Quebec,7/11/2014
57.7014,Pocketbook Index,Quebec,7/18/2014
58.3871,Pocketbook Index,Quebec,7/25/2014
59.3044,Pocketbook Index,Quebec,8/1/2014
61.2247,Pocketbook Index,Quebec,8/8/2014
62.1542,Pocketbook Index,Quebec,8/15/2014
59.9896,Pocketbook Index,Quebec,8/22/2014
60.3776,Pocketbook Index,Quebec,8/29/2014
60.252,Pocketbook Index,Quebec,9/5/2014
58.3502,Pocketbook Index,Quebec,9/12/2014
60.3476,Pocketbook Index,Quebec,9/19/2014
59.5547,Pocketbook Index,Quebec,9/26/2014
58.0732,Pocketbook Index,Quebec,10/3/2014
59.1145,Pocketbook Index,Quebec,10/10/2014
59.4456,Pocketbook Index,Quebec,10/17/2014
60.4917,Pocketbook Index,Quebec,10/24/2014
60.6263,Pocketbook Index,Quebec,10/31/2014
59.4625,Pocketbook Index,Quebec,11/7/2014
59.9442,Pocketbook Index,Quebec,11/14/2014
59.3753,Pocketbook Index,Quebec,11/21/2014
60.7048,Pocketbook Index,Quebec,11/28/2014
60.6927,Pocketbook Index,Quebec,12/5/2014
58.8531,Pocketbook Index,Quebec,12/12/2014
57.6963,Pocketbook Index,Quebec,12/19/2014
56.3235,Pocketbook Index,Quebec,12/26/2014
56.9384,Pocketbook Index,Quebec,1/2/2015
58.1353,Pocketbook Index,Quebec,1/9/2015
58.3454,Pocketbook Index,Quebec,1/16/2015
60.6565,Pocketbook Index,Quebec,1/23/2015
62.7737,Pocketbook Index,Quebec,1/30/2015
62.7023,Pocketbook Index,Quebec,2/6/2015
63.5521,Pocketbook Index,Quebec,2/13/2015
59.4061,Pocketbook Index,Quebec,2/20/2015
58.5274,Pocketbook Index,Quebec,2/27/2015
59.2907,Pocketbook Index,Quebec,3/6/2015
58.5724,Pocketbook Index,Quebec,3/13/2015
61.1182,Pocketbook Index,Quebec,3/20/2015
60.6827,Pocketbook Index,Quebec,3/27/2015
58.2968,Pocketbook Index,Quebec,4/3/2015
60.1722,Pocketbook Index,Quebec,4/10/2015
60.0845,Pocketbook Index,Quebec,4/17/2015
59.1448,Pocketbook Index,Quebec,4/24/2015
60.0776,Pocketbook Index,Quebec,5/1/2015
58.104,Pocketbook Index,Quebec,5/8/2015
58.7494,Pocketbook Index,Quebec,5/15/2015
58.6835,Pocketbook Index,Quebec,5/22/2015
59.2601,Pocketbook Index,Quebec,5/29/2015
60.6668,Pocketbook Index,Quebec,6/5/2015
59.738,Pocketbook Index,Quebec,6/12/2015
60.5872,Pocketbook Index,Quebec,6/19/2015
60.7523,Pocketbook Index,Quebec,6/26/2015
59.2105,Pocketbook Index,Quebec,7/3/2015
60.4319,Pocketbook Index,Quebec,7/10/2015
59.0777,Pocketbook Index,Quebec,7/17/2015
58.806,Pocketbook Index,Quebec,7/24/2015
58.4181,Pocketbook Index,Quebec,7/31/2015
57.2651,Pocketbook Index,Quebec,8/7/2015
56.445,Pocketbook Index,Quebec,8/14/2015
57.43,Pocketbook Index,Quebec,8/21/2015
58.3121,Pocketbook Index,Quebec,8/28/2015
57.5344,Pocketbook Index,Quebec,9/4/2015
60.0944,Pocketbook Index,Quebec,9/11/2015
58.2969,Pocketbook Index,Quebec,9/18/2015
57.8191,Pocketbook Index,Quebec,9/25/2015
57.9643,Pocketbook Index,Quebec,10/2/2015
57.1104,Pocketbook Index,Quebec,10/9/2015
56.2842,Pocketbook Index,Quebec,10/16/2015
57.4182,Pocketbook Index,Quebec,10/23/2015
56.9112,Pocketbook Index,Quebec,10/30/2015
57.1509,Pocketbook Index,Quebec,11/6/2015
56.9751,Pocketbook Index,Quebec,11/13/2015
57.9176,Pocketbook Index,Quebec,11/20/2015
58.7356,Pocketbook Index,Quebec,11/27/2015
57.5441,Pocketbook Index,Quebec,12/4/2015
58.7929,Pocketbook Index,Quebec,12/11/2015
56.966,Pocketbook Index,Quebec,12/18/2015
57.1463,Pocketbook Index,Quebec,12/25/2015
58.545,Pocketbook Index,Quebec,1/1/2016
60.3245,Pocketbook Index,Quebec,1/8/2016
60.2039,Pocketbook Index,Quebec,1/15/2016
60.4964,Pocketbook Index,Quebec,1/22/2016
59.5214,Pocketbook Index,Quebec,1/29/2016
57.9309,Pocketbook Index,Quebec,2/5/2016
59.8778,Pocketbook Index,Quebec,2/12/2016
58.0628,Pocketbook Index,Quebec,2/19/2016
58.2831,Pocketbook Index,Quebec,2/26/2016
58.524,Pocketbook Index,Quebec,3/4/2016
57.5676,Pocketbook Index,Quebec,3/11/2016
57.3791,Pocketbook Index,Quebec,3/18/2016
56.9011,Pocketbook Index,Quebec,3/25/2016
57.2254,Pocketbook Index,Quebec,4/1/2016
56.4794,Pocketbook Index,Quebec,4/8/2016
59.5908,Pocketbook Index,Quebec,4/15/2016
58.666,Pocketbook Index,Quebec,4/22/2016
57.6305,Pocketbook Index,Quebec,4/29/2016
58.6236,Pocketbook Index,Quebec,5/6/2016
58.4214,Pocketbook Index,Quebec,5/13/2016
60.1607,Pocketbook Index,Quebec,5/20/2016
61.6668,Pocketbook Index,Quebec,5/27/2016
62.1877,Pocketbook Index,Quebec,6/3/2016
61.2477,Pocketbook Index,Quebec,6/10/2016
61.3279,Pocketbook Index,Quebec,6/17/2016
60.1086,Pocketbook Index,Quebec,6/24/2016
57.6737,Pocketbook Index,Quebec,6/30/2016
58.9231,Pocketbook Index,Quebec,7/8/2016
59.3528,Pocketbook Index,Quebec,7/15/2016
60.0375,Pocketbook Index,Quebec,7/22/2016
62.3837,Pocketbook Index,Quebec,7/29/2016
62.4205,Pocketbook Index,Quebec,8/5/2016
61.7558,Pocketbook Index,Quebec,8/12/2016
62.9785,Pocketbook Index,Quebec,8/19/2016
63.4813,Pocketbook Index,Quebec,8/26/2016
61.823,Pocketbook Index,Quebec,9/2/2016
63.7468,Pocketbook Index,Quebec,9/9/2016
62.7433,Pocketbook Index,Quebec,9/16/2016
61.3115,Pocketbook Index,Quebec,9/23/2016
63.8117,Pocketbook Index,Quebec,9/30/2016
63.3971,Pocketbook Index,Quebec,10/7/2016
63.7093,Pocketbook Index,Quebec,10/14/2016
65.1485,Pocketbook Index,Quebec,10/21/2016
64.3027,Pocketbook Index,Quebec,10/28/2016
62.4486,Pocketbook Index,Quebec,11/4/2016
61.9358,Pocketbook Index,Quebec,11/11/2016
60.3355,Pocketbook Index,Quebec,11/18/2016
61.6235,Pocketbook Index,Quebec,11/25/2016
63.7923,Pocketbook Index,Quebec,12/2/2016
64.506,Pocketbook Index,Quebec,12/9/2016
65.008,Pocketbook Index,Quebec,12/16/2016
64.4284,Pocketbook Index,Quebec,12/23/2016
62.3109,Pocketbook Index,Quebec,12/30/2016
62.0264,Pocketbook Index,Quebec,1/6/2017
62.4013,Pocketbook Index,Quebec,1/13/2017
62.824,Pocketbook Index,Quebec,1/20/2017
63.7863,Pocketbook Index,Quebec,1/27/2017
64.0059,Pocketbook Index,Quebec,2/3/2017
64.2333,Pocketbook Index,Quebec,2/10/2017
63.9067,Pocketbook Index,Quebec,2/17/2017
64.2675,Pocketbook Index,Quebec,2/24/2017
62.9538,Pocketbook Index,Quebec,3/3/2017
61.7917,Pocketbook Index,Quebec,3/10/2017
63.1862,Pocketbook Index,Quebec,3/17/2017
62.9507,Pocketbook Index,Quebec,3/24/2017
63.2374,Pocketbook Index,Quebec,3/31/2017
63.3277,Pocketbook Index,Quebec,4/7/2017
63.4578,Pocketbook Index,Quebec,4/13/2017
63.1876,Pocketbook Index,Quebec,4/21/2017
63.2512,Pocketbook Index,Quebec,4/28/2017
63.5806,Pocketbook Index,Quebec,5/5/2017
61.4882,Pocketbook Index,Quebec,5/12/2017
62.3119,Pocketbook Index,Quebec,5/19/2017
64.5623,Pocketbook Index,Quebec,5/26/2017
63.6306,Pocketbook Index,Quebec,6/2/2017
64.514,Pocketbook Index,Quebec,6/9/2017
64.3669,Pocketbook Index,Quebec,6/16/2017
63.6459,Pocketbook Index,Quebec,6/23/2017
62.4928,Pocketbook Index,Quebec,6/30/2017
63.6008,Pocketbook Index,Quebec,7/7/2017
63.7307,Pocketbook Index,Quebec,7/14/2017
62.9169,Pocketbook Index,Quebec,7/21/2017
65.8681,Pocketbook Index,Quebec,7/28/2017
66.2572,Pocketbook Index,Quebec,8/4/2017
66.1123,Pocketbook Index,Quebec,8/11/2017
67.571,Pocketbook Index,Quebec,8/18/2017
65.43,Pocketbook Index,Quebec,8/25/2017
63.7978,Pocketbook Index,Quebec,9/1/2017
64.9895,Pocketbook Index,Quebec,9/8/2017
64.4855,Pocketbook Index,Quebec,9/15/2017
64.7131,Pocketbook Index,Quebec,9/22/2017
65.3487,Pocketbook Index,Quebec,9/29/2017
64.1668,Pocketbook Index,Quebec,10/6/2017
63.1231,Pocketbook Index,Quebec,10/13/2017
63.7776,Pocketbook Index,Quebec,10/20/2017
61.6633,Pocketbook Index,Quebec,10/27/2017
63.0744,Pocketbook Index,Quebec,11/3/2017
62.9467,Pocketbook Index,Quebec,11/10/2017
64.425,Pocketbook Index,Quebec,11/17/2017
65.6329,Pocketbook Index,Quebec,11/24/2017
65.2828,Pocketbook Index,Quebec,12/1/2017
64.6052,Pocketbook Index,Quebec,12/8/2017
65.294,Pocketbook Index,Quebec,12/15/2017
64.7168,Pocketbook Index,Quebec,12/22/2017
67.9226,Pocketbook Index,Quebec,12/29/2017
70.2361,Pocketbook Index,Quebec,1/5/2018
68.3546,Pocketbook Index,Quebec,1/12/2018
68.6395,Pocketbook Index,Quebec,1/19/2018
65.6425,Pocketbook Index,Quebec,1/26/2018
64.7112,Pocketbook Index,Quebec,2/2/2018
64.2568,Pocketbook Index,Quebec,2/9/2018
64.3736,Pocketbook Index,Quebec,2/16/2018
65.7262,Pocketbook Index,Quebec,2/23/2018
66.3959,Pocketbook Index,Quebec,3/2/2018
67.1463,Pocketbook Index,Quebec,3/9/2018
66.1589,Pocketbook Index,Quebec,3/16/2018
64.746,Pocketbook Index,Quebec,3/23/2018
65.7461,Pocketbook Index,Quebec,3/29/2018
67.1206,Pocketbook Index,Quebec,4/6/2018
66.0068,Pocketbook Index,Quebec,4/13/2018
66.4224,Pocketbook Index,Quebec,4/20/2018
65.8375,Pocketbook Index,Quebec,4/27/2018
66.4183,Pocketbook Index,Quebec,5/4/2018
67.0828,Pocketbook Index,Quebec,5/11/2018
67.0446,Pocketbook Index,Quebec,5/18/2018
65.3893,Pocketbook Index,Quebec,5/25/2018
65.1411,Pocketbook Index,Quebec,6/1/2018
65.9044,Pocketbook Index,Quebec,6/8/2018
65.7724,Pocketbook Index,Quebec,6/15/2018
65.8024,Pocketbook Index,Quebec,6/22/2018
63.7434,Pocketbook Index,Quebec,6/29/2018
63.5965,Pocketbook Index,Quebec,7/6/2018
64.0944,Pocketbook Index,Quebec,7/13/2018
66.0694,Pocketbook Index,Quebec,7/20/2018
66.1689,Pocketbook Index,Quebec,7/27/2018
66.3237,Pocketbook Index,Quebec,8/3/2018
65.2576,Pocketbook Index,Quebec,8/10/2018
64.3801,Pocketbook Index,Quebec,8/17/2018
66.0514,Pocketbook Index,Quebec,8/24/2018
65.4294,Pocketbook Index,Quebec,8/31/2018
67.3664,Pocketbook Index,Quebec,9/7/2018
67.5179,Pocketbook Index,Quebec,9/14/2018
66.2844,Pocketbook Index,Quebec,9/21/2018
65.8363,Pocketbook Index,Quebec,9/28/2018
65.3115,Pocketbook Index,Quebec,10/5/2018
64.5036,Pocketbook Index,Quebec,10/12/2018
64.2001,Pocketbook Index,Quebec,10/19/2018
65.3365,Pocketbook Index,Quebec,10/26/2018
64.8822,Pocketbook Index,Quebec,11/2/2018
65.5129,Pocketbook Index,Quebec,11/9/2018
66.4681,Pocketbook Index,Quebec,11/16/2018
65.4056,Pocketbook Index,Quebec,11/23/2018
66.0026,Pocketbook Index,Quebec,11/30/2018
66.598,Pocketbook Index,Quebec,12/7/2018
66.3308,Pocketbook Index,Quebec,12/14/2018
67.4287,Pocketbook Index,Quebec,12/21/2018
66.7319,Pocketbook Index,Quebec,12/28/2018
66.1399,Pocketbook Index,Quebec,1/4/2019
62.9144,Pocketbook Index,Quebec,1/11/2019
62.4971,Pocketbook Index,Quebec,1/18/2019
62.6754,Pocketbook Index,Quebec,1/25/2019
61.7554,Pocketbook Index,Quebec,2/1/2019
63.9751,Pocketbook Index,Quebec,2/8/2019
64.1908,Pocketbook Index,Quebec,2/15/2019
62.1788,Pocketbook Index,Quebec,2/22/2019
62.0352,Pocketbook Index,Quebec,3/1/2019
63.7371,Pocketbook Index,Quebec,3/8/2019
65.7925,Pocketbook Index,Quebec,3/15/2019
68.3962,Pocketbook Index,Quebec,3/22/2019
69.8262,Pocketbook Index,Quebec,3/29/2019
69.8601,Pocketbook Index,Quebec,4/5/2019
68.7198,Pocketbook Index,Quebec,4/12/2019
67.7311,Pocketbook Index,Quebec,4/19/2019
66.8213,Pocketbook Index,Quebec,4/26/2019
66.1115,Pocketbook Index,Quebec,5/3/2019
65.7734,Pocketbook Index,Quebec,5/10/2019
65.4559,Pocketbook Index,Quebec,5/17/2019
65.8234,Pocketbook Index,Quebec,5/24/2019
66.0899,Pocketbook Index,Quebec,5/31/2019
66.9951,Pocketbook Index,Quebec,6/7/2019
66.0926,Pocketbook Index,Quebec,6/14/2019
68.1126,Pocketbook Index,Quebec,6/21/2019
68.3594,Pocketbook Index,Quebec,6/28/2019
68.4441,Pocketbook Index,Quebec,7/5/2019
70.8555,Pocketbook Index,Quebec,7/12/2019
67.8922,Pocketbook Index,Quebec,7/19/2019
70.1326,Pocketbook Index,Quebec,7/26/2019
70.3557,Pocketbook Index,Quebec,8/2/2019
68.0242,Pocketbook Index,Quebec,8/9/2019
67.8187,Pocketbook Index,Quebec,8/16/2019
67.9293,Pocketbook Index,Quebec,8/23/2019
66.7443,Pocketbook Index,Quebec,8/30/2019
67.3152,Pocketbook Index,Quebec,9/6/2019
67.0457,Pocketbook Index,Quebec,9/13/2019
66.2211,Pocketbook Index,Quebec,9/20/2019
66.4696,Pocketbook Index,Quebec,9/27/2019
68.1711,Pocketbook Index,Quebec,10/4/2019
67.6845,Pocketbook Index,Quebec,10/11/2019
67.3263,Pocketbook Index,Quebec,10/18/2019
66.4561,Pocketbook Index,Quebec,10/25/2019
64.2252,Pocketbook Index,Quebec,11/1/2019
64.7841,Pocketbook Index,Quebec,11/8/2019
63.7849,Pocketbook Index,Quebec,11/15/2019
65.167,Pocketbook Index,Quebec,11/22/2019
65.9897,Pocketbook Index,Quebec,11/29/2019
67.6491,Pocketbook Index,Quebec,12/6/2019
66.7464,Pocketbook Index,Quebec,12/13/2019
67.3847,Pocketbook Index,Quebec,12/20/2019
66.9469,Pocketbook Index,Quebec,12/27/2019
65.3542,Pocketbook Index,Quebec,1/3/2020
66.5877,Pocketbook Index,Quebec,1/10/2020
64.4402,Pocketbook Index,Quebec,1/17/2020
64.9516,Pocketbook Index,Quebec,1/24/2020
64.1193,Pocketbook Index,Quebec,1/31/2020
63.7578,Pocketbook Index,Quebec,2/7/2020
66.3814,Pocketbook Index,Quebec,2/14/2020
66.0222,Pocketbook Index,Quebec,2/21/2020
66.1984,Pocketbook Index,Quebec,2/28/2020
66.3651,Pocketbook Index,Quebec,3/6/2020
65.1797,Pocketbook Index,Quebec,3/13/2020
65.6806,Pocketbook Index,Quebec,3/20/2020
63.4396,Pocketbook Index,Quebec,3/27/2020
61.0926,Pocketbook Index,Quebec,4/3/2020
59.6672,Pocketbook Index,Quebec,4/10/2020
57.28,Pocketbook Index,Quebec,4/17/2020
57.4482,Pocketbook Index,Quebec,4/24/2020
57.96,Pocketbook Index,Quebec,5/1/2020
56.59,Pocketbook Index,Quebec,5/8/2020
57.76,Pocketbook Index,Quebec,5/15/2020
59.64,Pocketbook Index,Quebec,5/22/2020
59.41,Pocketbook Index,Quebec,5/29/2020
60.56,Pocketbook Index,Quebec,6/5/2020
58.86,Pocketbook Index,Quebec,6/12/2020
56.29,Pocketbook Index,Quebec,6/19/2020
57.89,Pocketbook Index,Quebec,6/26/2020
58.32,Pocketbook Index,Quebec,7/3/2020
59.46,Pocketbook Index,Quebec,7/10/2020
58.94,Pocketbook Index,Quebec,7/17/2020
59.37,Pocketbook Index,Quebec,7/24/2020
59.44,Pocketbook Index,Quebec,7/31/2020
58.39,Pocketbook Index,Quebec,8/7/2020
58.08,Pocketbook Index,Quebec,8/14/2020
58.21,Pocketbook Index,Quebec,8/21/2020
58.98,Pocketbook Index,Quebec,8/28/2020
60.01,Pocketbook Index,Quebec,9/4/2020
62.14,Pocketbook Index,Quebec,9/11/2020
62,Pocketbook Index,Quebec,9/18/2020
63.18,Pocketbook Index,Quebec,9/25/2020
62.94,Pocketbook Index,Quebec,10/2/2020
61.72,Pocketbook Index,Quebec,10/9/2020
60.15,Pocketbook Index,Quebec,10/16/2020
59.53,Pocketbook Index,Quebec,10/23/2020
59.98,Pocketbook Index,Quebec,10/30/2020
61.2,Pocketbook Index,Quebec,11/6/2020
62.66,Pocketbook Index,Quebec,11/13/2020
63.23,Pocketbook Index,Quebec,11/20/2020
64.34,Pocketbook Index,Quebec,11/27/2020
64.35,Pocketbook Index,Quebec,12/4/2020
64.25,Pocketbook Index,Quebec,12/11/2020
64.16,Pocketbook Index,Quebec,12/18/2020
61.95,Pocketbook Index,Quebec,12/25/2020
61.7,Pocketbook Index,Quebec,1/1/2021
62.65,Pocketbook Index,Quebec,1/8/2021
61.88,Pocketbook Index,Quebec,1/15/2021
61.69,Pocketbook Index,Quebec,1/22/2021
60.96,Pocketbook Index,Quebec,1/29/2021
60.3,Pocketbook Index,Quebec,2/5/2021
62.42,Pocketbook Index,Quebec,2/12/2021
64.59,Pocketbook Index,Quebec,2/19/2021
65.52,Pocketbook Index,Quebec,2/26/2021
66.06,Pocketbook Index,Quebec,3/5/2021
65.29,Pocketbook Index,Quebec,3/12/2021
63.05,Pocketbook Index,Quebec,3/19/2021
62.71,Pocketbook Index,Quebec,3/26/2021
62.95,Pocketbook Index,Quebec,4/2/2021
63.9,Pocketbook Index,Quebec,4/9/2021
65.28,Pocketbook Index,Quebec,4/16/2021
